2.000,1.000,1.000000,-2.9162,0.9824,8708.6294,-2933.5971
1.900,1.000,1.000000,-2.9351,0.9864,8821.5210,-2964.8216
1.800,1.000,0.895685,-2.9511,0.9899,8917.5562,-2991.1627
1.700,1.000,0.634637,-2.9633,0.9924,8991.2164,-3011.2854
1.600,1.000,0.428766,-2.9735,0.9946,9053.5843,-3028.2128
1.500,1.000,0.276233,-2.9809,0.9961,9099.8458,-3040.7493
1.400,1.000,0.170410,-2.9863,0.9972,9132.7789,-3049.6120
1.300,1.000,0.094379,-2.9902,0.9980,9155.7143,-3055.8396
1.200,1.000,0.051355,-2.9922,0.9984,9168.1232,-3059.1881
1.100,1.000,0.024573,-2.9937,0.9987,9177.0970,-3061.5913
1.000,1.000,0.012122,-2.9943,0.9989,9180.7690,-3062.5762
2.000,0.900,1.000000,-2.8069,0.9799,8069.2503,-2816.8470
1.900,0.900,1.000000,-2.8297,0.9850,8200.5450,-2854.3084
1.800,0.900,0.998810,-2.8464,0.9886,8297.7446,-2881.8763
1.700,0.900,0.715607,-2.8605,0.9917,8379.3244,-2904.8994
1.600,0.900,0.489801,-2.8711,0.9939,8441.5808,-2922.3267
1.500,0.900,0.320520,-2.8792,0.9957,8488.9712,-2935.5716
1.400,0.900,0.193457,-2.8856,0.9970,8526.4912,-2946.0185
1.300,0.900,0.112756,-2.8894,0.9978,8549.1721,-2952.3070
1.200,0.900,0.062878,-2.8919,0.9983,8563.6907,-2956.3289
1.100,0.900,0.031732,-2.8936,0.9987,8573.9186,-2959.1505
1.000,0.900,0.012347,-2.8945,0.9989,8579.1302,-2960.6110
2.000,0.800,1.000000,-2.6988,0.9775,7459.5412,-2701.6774
1.900,0.800,1.000000,-2.7211,0.9826,7582.7307,-2738.1179
1.800,0.800,1.000000,-2.7407,0.9870,7692.3018,-2770.2641
1.700,0.800,0.824884,-2.7561,0.9905,7778.8874,-2795.5104
1.600,0.800,0.566107,-2.7681,0.9931,7846.7740,-2815.1995
1.500,0.800,0.371680,-2.7773,0.9951,7898.6938,-2830.1910
1.400,0.800,0.230133,-2.7842,0.9967,7938.0412,-2841.4427
1.300,0.800,0.132849,-2.7888,0.9976,7964.1163,-2848.9548
1.200,0.800,0.071277,-2.7915,0.9982,7979.7188,-2853.4416
1.100,0.800,0.037781,-2.7932,0.9986,7989.0556,-2856.1000
1.000,0.800,0.018836,-2.7943,0.9988,7995.3331,-2857.9030
2.000,0.700,1.000000,-2.5880,0.9743,6859.4801,-2582.2709
1.900,0.700,1.000000,-2.6144,0.9806,6999.7935,-2625.2932
1.800,0.700,1.000000,-2.6356,0.9856,7113.9204,-2659.9967
1.700,0.700,0.953424,-2.6515,0.9892,7199.9587,-2685.8843
1.600,0.700,0.654138,-2.6647,0.9922,7271.2891,-2707.3340
1.500,0.700,0.428564,-2.6751,0.9945,7327.6591,-2724.1924
1.400,0.700,0.264484,-2.6828,0.9962,7370.1808,-2736.8863
1.300,0.700,0.156396,-2.6878,0.9974,7398.0614,-2745.1361
1.200,0.700,0.084766,-2.6912,0.9981,7416.1697,-2750.4718
1.100,0.700,0.043591,-2.6931,0.9985,7426.9488,-2753.6552
1.000,0.700,0.019049,-2.6944,0.9988,7434.1843,-2755.8003
2.000,0.600,1.000000,-2.4776,0.9710,6286.9853,-2463.7446
1.900,0.600,1.000000,-2.5055,0.9779,6429.0166,-2509.0784
1.800,0.600,1.000000,-2.5279,0.9833,6544.3053,-2545.4966
1.700,0.600,1.000000,-2.5467,0.9878,6641.5381,-2576.0170
1.600,0.600,0.752258,-2.5614,0.9912,6718.5393,-2599.8660
1.500,0.600,0.503351,-2.5722,0.9937,6775.5767,-2617.5037
1.400,0.600,0.314783,-2.5806,0.9956,6819.6497,-2631.0969
1.300,0.600,0.187152,-2.5865,0.9970,6850.8708,-2640.7205
1.200,0.600,0.104193,-2.5904,0.9979,6871.0822,-2646.8747
1.100,0.600,0.052014,-2.5929,0.9984,6884.4434,-2650.9745
1.000,0.600,0.025262,-2.5942,0.9987,6891.6888,-2653.1761
3.000,0.600,1.000000,-1.9044,0.8020,3721.2635,-1566.5856
3.000,0.700,1.000000,-2.0629,0.8293,4364.4276,-1753.9766
3.000,0.800,1.000000,-2.2099,0.8497,5007.5590,-1924.7308
3.000,0.900,1.000000,-2.3517,0.8666,5669.0297,-2088.3883
3.000,1.000,1.000000,-2.4914,0.8812,6361.6577,-2249.4843
2.900,0.600,1.000000,-1.9884,0.8299,4054.8391,-1691.7357
2.900,0.700,1.000000,-2.1302,0.8493,4652.7139,-1854.3387
2.900,0.800,1.000000,-2.2873,0.8716,5362.4810,-2042.9116
2.900,0.900,1.000000,-2.4206,0.8849,6004.7296,-2194.6501
2.900,1.000,1.000000,-2.5571,0.8977,6701.0214,-2352.0557
2.800,0.600,1.000000,-2.0572,0.8519,4339.2959,-1796.3895
2.800,0.700,1.000000,-2.2084,0.8725,4999.2690,-1974.5878
2.800,0.800,1.000000,-2.3500,0.8891,5659.6334,-2140.7376
2.800,0.900,1.000000,-2.4872,0.9025,6339.2686,-2299.6565
2.800,1.000,1.000000,-2.6097,0.9109,6977.9335,-2435.2546
2.700,0.600,1.000000,-2.1319,0.8749,4659.2508,-1911.4698
2.700,0.700,1.000000,-2.2686,0.8902,5274.6383,-2069.2630
2.700,0.800,1.000000,-2.4059,0.9042,5931.5181,-2228.8476
2.700,0.900,1.000000,-2.5354,0.9148,6586.5623,-2376.0241
2.700,1.000,1.000000,-2.6642,0.9245,7272.1861,-2523.1034
2.600,0.600,1.000000,-2.1974,0.8946,4948.6592,-2014.1320
2.600,0.700,1.000000,-2.3351,0.9092,5587.7202,-2175.1588
2.600,0.800,1.000000,-2.4664,0.9203,6232.7088,-2325.1471
2.600,0.900,1.000000,-2.5897,0.9286,6871.0235,-2463.4282
2.600,1.000,1.000000,-2.7150,0.9367,7551.3494,-2604.8509
2.500,0.600,1.000000,-2.2591,0.9124,5229.6828,-2111.6475
2.500,0.700,1.000000,-2.3897,0.9238,5850.9056,-2261.4550
2.500,0.800,1.000000,-2.5116,0.9318,6463.0478,-2397.4669
2.500,0.900,1.000000,-2.6391,0.9406,7134.6562,-2542.5626
2.500,1.000,1.000000,-2.7577,0.9466,7789.9004,-2673.7489
2.400,0.600,1.000000,-2.3165,0.9286,5498.1698,-2203.5459
2.400,0.700,1.000000,-2.4409,0.9373,6103.8723,-2343.5939
2.400,0.800,1.000000,-2.5616,0.9444,6721.4935,-2477.8708
2.400,0.900,1.000000,-2.6803,0.9505,7358.8371,-2609.2946
2.400,1.000,1.000000,-2.7984,0.9561,8021.0724,-2740.1868
2.300,0.600,1.000000,-2.3628,0.9411,5719.5600,-2277.6857
2.300,0.700,1.000000,-2.4846,0.9486,6323.5318,-2414.0894
2.300,0.800,1.000000,-2.6033,0.9548,6941.6662,-2545.7854
2.300,0.900,1.000000,-2.7208,0.9601,7582.3677,-2675.3866
2.300,1.000,1.000000,-2.8332,0.9640,8221.7589,-2797.3398
2.200,0.600,1.000000,-2.4084,0.9533,5941.7849,-2351.7067
2.200,0.700,1.000000,-2.5245,0.9588,6528.0927,-2479.0369
2.200,0.800,1.000000,-2.6389,0.9634,7132.4563,-2603.8014
2.200,0.900,1.000000,-2.7540,0.9679,7768.0481,-2729.8354
2.200,1.000,1.000000,-2.8663,0.9714,8414.3739,-2851.6133
2.100,0.600,1.000000,-2.4427,0.9621,6111.3408,-2406.7925
2.100,0.700,1.000000,-2.5588,0.9673,6706.0634,-2534.7470
2.100,0.800,1.000000,-2.6719,0.9713,7311.5297,-2657.6602
2.100,0.900,1.000000,-2.7823,0.9744,7928.1615,-2776.2831
2.100,1.000,1.000000,-2.8926,0.9772,8568.8561,-2894.8278
4.000,0.600,1.000000,-1.1558,0.5102,1378.1675,-608.1314
4.000,0.700,1.000000,-1.3163,0.5620,1784.5804,-761.7017
4.000,0.800,1.000000,-1.4653,0.6036,2210.3736,-910.1398
4.000,0.900,1.000000,-1.6181,0.6404,2692.4341,-1064.9793
4.000,1.000,1.000000,-1.7917,0.6798,3298.1022,-1250.5389
3.900,0.600,1.000000,-1.2096,0.5325,1508.8197,-664.2214
3.900,0.700,1.000000,-1.3629,0.5814,1912.9762,-815.6963
3.900,0.800,1.000000,-1.5547,0.6370,2485.2026,-1017.7372
3.900,0.900,1.000000,-1.6893,0.6641,2931.7929,-1151.9079
3.900,1.000,1.000000,-1.8691,0.7045,3588.8946,-1351.8142
3.800,0.600,1.000000,-1.2889,0.5668,1710.8305,-752.1969
3.800,0.700,1.000000,-1.4524,0.6156,2169.1174,-919.0625
3.800,0.800,1.000000,-1.6046,0.6540,2645.5657,-1077.8997
3.800,0.900,1.000000,-1.7700,0.6917,3217.2632,-1256.6039
3.800,1.000,1.000000,-1.9483,0.7288,3896.5355,-1456.8618
3.700,0.600,1.000000,-1.3637,0.6004,1913.5052,-842.1102
3.700,0.700,1.000000,-1.5084,0.6380,2338.5445,-988.7145
3.700,0.800,1.000000,-1.6897,0.6843,2933.2115,-1187.4132
3.700,0.900,1.000000,-1.8533,0.7186,3526.5589,-1366.8498
3.700,1.000,1.000000,-1.9941,0.7420,4080.8261,-1517.8353
3.600,0.600,1.000000,-1.4272,0.6248,2096.3378,-917.5337
3.600,0.700,1.000000,-1.5909,0.6671,2600.9635,-1090.3056
3.600,0.800,1.000000,-1.7596,0.7090,3181.4400,-1281.2333
3.600,0.900,1.000000,-1.9198,0.7397,3784.2987,-1457.4340
3.600,1.000,1.000000,-2.0667,0.7634,4384.2482,-1618.6218
3.500,0.600,1.000000,-1.4985,0.6533,2309.5950,-1006.6851
3.500,0.700,1.000000,-1.6688,0.6966,2862.1400,-1194.2399
3.500,0.800,1.000000,-1.8349,0.7325,3456.7249,-1379.4062
3.500,0.900,1.000000,-1.9953,0.7632,4086.6378,-1562.3004
3.500,1.000,1.000000,-2.1545,0.7898,4761.2913,-1744.6358
3.400,0.600,1.000000,-1.5690,0.6793,2529.6915,-1094.8243
3.400,0.700,1.000000,-1.7504,0.7254,3147.5074,-1303.6553
3.400,0.800,1.000000,-1.9048,0.7566,3723.7887,-1478.4687
3.400,0.900,1.000000,-2.0697,0.7851,4395.5626,-1666.7401
3.400,1.000,1.000000,-2.2197,0.8077,5054.0523,-1838.4291
3.300,0.600,1.000000,-1.6526,0.7109,2804.3266,-1205.9678
3.300,0.700,1.000000,-1.8267,0.7520,3425.3697,-1409.5604
3.300,0.800,1.000000,-1.9788,0.7797,4018.7707,-1582.7643
3.300,0.900,1.000000,-2.1462,0.8083,4724.6760,-1778.6268
3.300,1.000,1.000000,-2.2868,0.8264,5362.8420,-1937.3196
3.200,0.600,1.000000,-1.7530,0.7500,3155.5584,-1349.4899
3.200,0.700,1.000000,-1.9070,0.7787,3731.9963,-1523.3617
3.200,0.800,1.000000,-2.0566,0.8039,4338.6493,-1695.1576
3.200,0.900,1.000000,-2.2198,0.8296,5053.4099,-1887.9330
3.200,1.000,1.000000,-2.3550,0.8447,5686.2985,-2038.9266
3.100,0.600,1.000000,-1.8228,0.7745,3411.0539,-1448.6179
3.100,0.700,1.000000,-1.9963,0.8082,4086.9700,-1653.9813
3.100,0.800,1.000000,-2.1453,0.8306,4720.2753,-1826.8947
3.100,0.900,1.000000,-2.2835,0.8477,5346.2973,-1984.1068
3.100,1.000,1.000000,-2.4326,0.8658,6066.1948,-2158.5204
2.000,1.500,0.921185,-3.4447,0.9897,12151.3813,-3491.0431
1.900,1.500,0.681970,-3.4573,0.9920,12240.0688,-3512.1740
1.800,1.500,0.482593,-3.4682,0.9941,12317.1175,-3530.4613
1.700,1.500,0.327527,-3.4766,0.9957,12376.8383,-3544.6327
1.600,1.500,0.216699,-3.4823,0.9967,12417.7002,-3554.3211
1.500,1.500,0.138818,-3.4868,0.9976,12449.6103,-3561.8546
1.400,1.500,0.080798,-3.4900,0.9982,12472.2502,-3567.2084
1.300,1.500,0.044190,-3.4920,0.9985,12487.1249,-3570.6638
1.200,1.500,0.024622,-3.4931,0.9987,12494.4097,-3572.3695
1.100,1.500,0.012329,-3.4938,0.9989,12499.3910,-3573.5548
1.000,1.500,0.006323,-3.4942,0.9990,12502.5755,-3574.3131
2.000,1.400,0.999884,-3.3400,0.9885,11424.1740,-3381.2744
1.900,1.400,0.760590,-3.3540,0.9913,11520.1082,-3404.6659
1.800,1.400,0.541772,-3.3652,0.9934,11596.7323,-3423.2223
1.700,1.400,0.379468,-3.3740,0.9951,11656.9370,-3437.9284
1.600,1.400,0.251715,-3.3808,0.9964,11704.6035,-3449.5219
1.500,1.400,0.159637,-3.3857,0.9973,11738.4583,-3457.7719
1.400,1.400,0.094910,-3.3895,0.9980,11764.4706,-3464.0319
1.300,1.400,0.057526,-3.3918,0.9985,11780.2559,-3467.8450
1.200,1.400,0.031335,-3.3930,0.9987,11788.7601,-3469.8967
1.100,1.400,0.011658,-3.3942,0.9989,11796.8952,-3471.8727
1.000,1.400,0.005933,-3.3943,0.9990,11798.3027,-3472.2113
2.000,1.300,1.000000,-3.2349,0.9873,10716.4419,-3270.6411
1.900,1.300,0.859906,-3.2499,0.9903,10815.9011,-3295.6734
1.800,1.300,0.614752,-3.2623,0.9927,10898.7218,-3316.4748
1.700,1.300,0.430432,-3.2719,0.9946,10962.8679,-3332.4423
1.600,1.300,0.286456,-3.2793,0.9960,11011.8204,-3344.5696
1.500,1.300,0.177093,-3.2852,0.9972,11051.3597,-3354.4457
1.400,1.300,0.108093,-3.2890,0.9979,11076.8431,-3360.7941
1.300,1.300,0.062463,-3.2914,0.9984,11093.2200,-3364.8751
1.200,1.300,0.030127,-3.2931,0.9987,11104.9294,-3367.7599
1.100,1.300,0.018811,-3.2936,0.9988,11108.3496,-3368.6101
1.000,1.300,0.006006,-3.2945,0.9990,11114.0534,-3370.0134
2.000,1.200,1.000000,-3.1293,0.9859,10028.0655,-3159.2274
1.900,1.200,0.966742,-3.1459,0.9892,10134.6184,-3186.8949
1.800,1.200,0.697076,-3.1587,0.9919,10217.3900,-3208.3215
1.700,1.200,0.488013,-3.1696,0.9940,10288.0251,-3226.4582
1.600,1.200,0.329913,-3.1776,0.9956,10339.3606,-3239.5563
1.500,1.200,0.205383,-3.1841,0.9969,10381.8293,-3250.4228
1.400,1.200,0.128644,-3.1879,0.9977,10406.9355,-3256.8139
1.300,1.200,0.070496,-3.1909,0.9982,10426.2510,-3261.7314
1.200,1.200,0.037830,-3.1928,0.9986,10438.8160,-3264.9127
1.100,1.200,0.018994,-3.1938,0.9988,10445.0431,-3266.4994
1.000,1.200,0.006030,-3.1946,0.9990,10450.2798,-3267.8273
2.000,1.100,1.000000,-3.0230,0.9843,9359.0568,-3047.0789
1.900,1.100,1.000000,-3.0407,0.9879,9468.2178,-3076.2192
1.800,1.100,0.787256,-3.0551,0.9909,9558.2842,-3100.0904
1.700,1.100,0.554254,-3.0666,0.9933,9630.3236,-3119.1048
1.600,1.100,0.373321,-3.0755,0.9951,9686.1163,-3133.9042
1.500,1.100,0.238532,-3.0825,0.9965,9730.3878,-3145.6208
1.400,1.100,0.146668,-3.0872,0.9975,9759.9465,-3153.3427
1.300,1.100,0.079925,-3.0908,0.9982,9782.3151,-3159.1928
1.200,1.100,0.044000,-3.0928,0.9986,9794.7510,-3162.4527
1.100,1.100,0.024207,-3.0937,0.9988,9800.5101,-3163.9693
1.000,1.100,0.012329,-3.0944,0.9989,9805.2861,-3165.2228
3.000,1.100,1.000000,-2.6312,0.8944,7094.7913,-2411.0387
3.000,1.200,1.000000,-2.7652,0.9055,7835.0042,-2565.2540
3.000,1.300,1.000000,-2.8918,0.9141,8568.0304,-2707.8085
3.000,1.400,1.000000,-3.0126,0.9208,9297.9028,-2841.4675
3.000,1.500,1.000000,-3.1404,0.9286,10103.7680,-2987.1739
2.900,1.100,1.000000,-2.6879,0.9082,7402.4686,-2500.8703
2.900,1.200,1.000000,-2.8114,0.9162,8098.0380,-2638.6282
2.900,1.300,1.000000,-2.9393,0.9247,8850.9916,-2784.2747
2.900,1.400,1.000000,-3.0637,0.9319,9615.8137,-2924.5070
2.900,1.500,1.000000,-3.1849,0.9378,10390.9804,-3059.4136
2.800,1.100,1.000000,-2.7403,0.9208,7693.9318,-2584.9189
2.800,1.200,1.000000,-2.8636,0.9284,8401.1907,-2723.2941
2.800,1.300,1.000000,-2.9912,0.9362,9165.5289,-2868.2951
2.800,1.400,1.000000,-3.1107,0.9419,9911.9739,-3000.8731
2.800,1.500,1.000000,-3.2276,0.9468,10670.9619,-3129.7931
2.700,1.100,1.000000,-2.7927,0.9332,7989.6932,-2669.5350
2.700,1.200,1.000000,-2.9143,0.9397,8700.3640,-2804.9708
2.700,1.300,1.000000,-3.0302,0.9447,9405.6729,-2931.9575
2.700,1.400,1.000000,-3.1527,0.9507,10181.0713,-3069.9360
2.700,1.500,1.000000,-3.2667,0.9547,10930.1645,-3194.0204
2.600,1.100,1.000000,-2.8346,0.9428,8230.7132,-2737.2973
2.600,1.200,1.000000,-2.9559,0.9491,8949.9224,-2873.2682
2.600,1.300,1.000000,-3.0740,0.9541,9678.8883,-3003.8427
2.600,1.400,1.000000,-3.1882,0.9581,10411.1633,-3128.3291
2.600,1.500,1.000000,-3.3005,0.9615,11157.4507,-3250.1347
2.500,1.100,1.000000,-2.8776,0.9526,8481.5562,-2807.3665
2.500,1.200,1.000000,-2.9969,0.9580,9199.0941,-2940.2598
2.500,1.300,1.000000,-3.1090,0.9615,9900.3420,-3061.5616
2.500,1.400,1.000000,-3.2237,0.9654,10644.0934,-3187.2881
2.500,1.500,1.000000,-3.3359,0.9685,11397.6773,-3308.8863
2.400,1.100,1.000000,-2.9164,0.9612,8711.6299,-2871.1141
2.400,1.200,1.000000,-3.0293,0.9650,9399.0325,-2993.8169
2.400,1.300,1.000000,-3.1412,0.9682,10105.5699,-3114.6613
2.400,1.400,1.000000,-3.2516,0.9710,10828.7991,-3233.6302
2.400,1.500,1.000000,-3.3630,0.9739,11582.8133,-3354.1086
2.300,1.100,1.000000,-2.9477,0.9681,8899.0608,-2922.4667
2.300,1.200,1.000000,-3.0601,0.9715,9590.2637,-3044.4575
2.300,1.300,1.000000,-3.1696,0.9741,10288.6671,-3161.8114
2.300,1.400,1.000000,-3.2802,0.9768,11019.3612,-3281.1784
2.300,1.500,1.000000,-3.3868,0.9785,11747.3650,-3393.8944
2.200,1.100,1.000000,-2.9768,0.9744,9075.2640,-2970.5152
2.200,1.200,1.000000,-3.0863,0.9770,9755.3665,-3087.8707
2.200,1.300,1.000000,-3.1947,0.9792,10452.4279,-3203.6594
2.200,1.400,1.000000,-3.3037,0.9815,11177.9527,-3320.6095
2.200,1.500,1.000000,-3.4108,0.9832,11914.0973,-3434.1752
2.100,1.100,1.000000,-3.0009,0.9796,9222.7591,-3010.4802
2.100,1.200,1.000000,-3.1099,0.9819,9904.8288,-3127.1285
2.100,1.300,1.000000,-3.2173,0.9838,10600.6014,-3241.3002
2.100,1.400,1.000000,-3.3231,0.9852,11309.0734,-3352.9290
2.100,1.500,1.000000,-3.4288,0.9867,12039.8094,-3464.4169
4.000,1.100,1.000000,-1.9316,0.7041,3831.0775,-1395.8802
4.000,1.200,1.000000,-2.0923,0.7318,4494.8025,-1571.0763
4.000,1.300,1.000000,-2.2545,0.7577,5215.3427,-1752.0958
4.000,1.400,1.000000,-2.3827,0.7719,5825.7209,-1886.4751
4.000,1.500,1.000000,-2.5354,0.7909,6593.3683,-2055.9913
3.900,1.100,1.000000,-2.0175,0.7290,4178.7632,-1509.1613
3.900,1.200,1.000000,-2.1716,0.7538,4839.3709,-1679.1212
3.900,1.300,1.000000,-2.3204,0.7741,5525.2176,-1842.4763
3.900,1.400,1.000000,-2.4703,0.7938,6259.0149,-2010.4572
3.900,1.500,1.000000,-2.6058,0.8079,6963.2514,-2158.2657
3.800,1.100,1.000000,-2.0764,0.7468,4424.0300,-1590.3522
3.800,1.200,1.000000,-2.2511,0.7764,5199.0981,-1792.2927
3.800,1.300,1.000000,-2.3858,0.7917,5838.7545,-1936.7047
3.800,1.400,1.000000,-2.5374,0.8106,6602.3841,-2108.6509
3.800,1.500,1.000000,-2.6808,0.8260,7369.2687,-2269.8588
3.700,1.100,1.000000,-2.1747,0.7746,4851.2362,-1727.2786
3.700,1.200,1.000000,-2.2995,0.7883,5423.6373,-1858.6858
3.700,1.300,1.000000,-2.4531,0.8090,6170.7983,-2034.4690
3.700,1.400,1.000000,-2.5954,0.8245,6906.6322,-2193.4573
3.700,1.500,1.000000,-2.7367,0.8392,7678.0899,-2353.9358
3.600,1.100,1.000000,-2.2268,0.7884,5087.9335,-1800.6948
3.600,1.200,1.000000,-2.3711,0.8071,5766.9926,-1962.2599
3.600,1.300,1.000000,-2.5282,0.8278,6554.2890,-2145.2278
3.600,1.400,1.000000,-2.6645,0.8414,7278.0080,-2297.5165
3.600,1.500,1.000000,-2.7949,0.8521,8007.4393,-2440.7544
3.500,1.100,1.000000,-2.3012,0.8092,5430.6668,-1909.0902
3.500,1.200,1.000000,-2.4421,0.8258,6115.2635,-2067.2974
3.500,1.300,1.000000,-2.5963,0.8446,6910.3780,-2247.2826
3.500,1.400,1.000000,-2.7246,0.8555,7609.7547,-2388.7604
3.500,1.500,1.000000,-2.8626,0.8679,8398.6949,-2545.7595
3.400,1.100,1.000000,-2.3736,0.8287,5777.3380,-2016.3719
3.400,1.200,1.000000,-2.5149,0.8444,6484.3954,-2176.5744
3.400,1.300,1.000000,-2.6505,0.8574,7201.0099,-2328.9076
3.400,1.400,1.000000,-2.7956,0.8720,8010.3397,-2497.9853
3.400,1.500,1.000000,-2.9229,0.8813,8755.3295,-2639.3834
3.300,1.100,1.000000,-2.4407,0.8464,6107.3949,-2117.3352
3.300,1.200,1.000000,-2.5861,0.8622,6854.9459,-2284.9831
3.300,1.300,1.000000,-2.7120,0.8723,7539.0665,-2424.1213
3.300,1.400,1.000000,-2.8521,0.8851,8336.0336,-2586.3174
3.300,1.500,1.000000,-2.9797,0.8940,9098.0443,-2729.0394
3.200,1.100,1.000000,-2.5067,0.8633,6440.6139,-2217.5906
3.200,1.200,1.000000,-2.6412,0.8756,7150.0297,-2369.8091
3.200,1.300,1.000000,-2.7731,0.8867,7880.9038,-2519.3997
3.200,1.400,1.000000,-2.9077,0.8975,8663.0366,-2673.4759
3.200,1.500,1.000000,-3.0380,0.9067,9456.7644,-2821.8553
3.100,1.100,1.000000,-2.5660,0.8784,6748.2132,-2309.4931
3.100,1.200,1.000000,-2.7038,0.8911,7491.9104,-2468.5296
3.100,1.300,1.000000,-2.8324,0.9004,8220.7206,-2612.7284
3.100,1.400,1.000000,-2.9735,0.9123,9059.2115,-2778.8431
3.100,1.500,1.000000,-3.0933,0.9185,9803.1139,-2910.4456
2.000,2.000,0.538428,-3.9618,0.9935,16072.8956,-4030.6678
1.900,2.000,0.385034,-3.9712,0.9951,16149.7845,-4046.9256
1.800,2.000,0.268335,-3.9777,0.9962,16202.1950,-4057.9758
1.700,2.000,0.182459,-3.9831,0.9972,16246.3063,-4067.2252
1.600,2.000,0.119244,-3.9869,0.9978,16277.3850,-4073.6797
1.500,2.000,0.066919,-3.9899,0.9983,16301.5695,-4078.7966
1.400,2.000,0.042658,-3.9913,0.9985,16313.0812,-4081.2056
1.300,2.000,0.024744,-3.9928,0.9988,16324.8227,-4083.6584
1.200,2.000,0.012390,-3.9935,0.9989,16330.5397,-4084.8557
1.100,2.000,0.006067,-3.9937,0.9989,16332.9137,-4085.3469
1.000,2.000,0.006335,-3.9937,0.9990,16332.9127,-4085.3534
2.000,1.900,0.591998,-3.8593,0.9930,15252.5560,-3924.2968
1.900,1.900,0.430133,-3.8687,0.9946,15326.0151,-3940.1783
1.800,1.900,0.301672,-3.8762,0.9959,15385.8460,-3953.0401
1.700,1.900,0.203558,-3.8819,0.9969,15430.8438,-3962.7135
1.600,1.900,0.130945,-3.8864,0.9977,15466.3088,-3970.3719
1.500,1.900,0.080536,-3.8893,0.9982,15489.3675,-3975.3105
1.400,1.900,0.050092,-3.8913,0.9985,15505.2303,-3978.7139
1.300,1.900,0.025403,-3.8927,0.9987,15516.6171,-3981.1300
1.200,1.900,0.012134,-3.8935,0.9989,15523.2219,-3982.5521
1.100,1.900,0.005884,-3.8939,0.9990,15526.7266,-3983.3079
1.000,1.900,0.006030,-3.8939,0.9990,15526.1386,-3983.1803
2.000,1.800,0.663049,-3.7562,0.9923,14448.1888,-3816.8737
1.900,1.800,0.484875,-3.7663,0.9941,14526.0351,-3834.0537
1.800,1.800,0.346039,-3.7740,0.9954,14585.2262,-3847.1234
1.700,1.800,0.227148,-3.7808,0.9967,14637.4001,-3858.5792
1.600,1.800,0.149024,-3.7853,0.9975,14672.5242,-3866.2295
1.500,1.800,0.094745,-3.7886,0.9980,14697.8078,-3871.7866
1.400,1.800,0.056189,-3.7908,0.9984,14715.1944,-3875.6314
1.300,1.800,0.030926,-3.7926,0.9987,14728.7051,-3878.5789
1.200,1.800,0.018555,-3.7931,0.9988,14733.0860,-3879.5349
1.100,1.800,0.006372,-3.7940,0.9990,14739.7660,-3881.0062
1.000,1.800,0.006250,-3.7940,0.9990,14740.4547,-3881.1562
2.000,1.700,0.738892,-3.6527,0.9915,13663.0633,-3708.8409
1.900,1.700,0.542706,-3.6633,0.9934,13741.3375,-3726.4405
1.800,1.700,0.386701,-3.6721,0.9950,13807.8914,-3741.4701
1.700,1.700,0.262604,-3.6793,0.9963,13862.1669,-3753.7370
1.600,1.700,0.168841,-3.6846,0.9973,13902.1364,-3762.7274
1.500,1.700,0.107404,-3.6882,0.9979,13929.3524,-3768.8421
1.400,1.700,0.061865,-3.6907,0.9984,13948.4643,-3773.1127
1.300,1.700,0.036847,-3.6921,0.9986,13958.7219,-3775.4386
1.200,1.700,0.018408,-3.6932,0.9988,13967.3769,-3777.3765
1.100,1.700,0.012408,-3.6938,0.9989,13971.4089,-3778.2837
1.000,1.700,0.005957,-3.6942,0.9990,13974.7712,-3779.0345
2.000,1.600,0.822064,-3.5491,0.9907,12898.6281,-3600.5962
1.900,1.600,0.607843,-3.5601,0.9927,12979.5239,-3619.3231
1.800,1.600,0.431488,-3.5702,0.9946,13053.4250,-3636.4174
1.700,1.600,0.297015,-3.5776,0.9960,13107.2438,-3648.8444
1.600,1.600,0.191699,-3.5834,0.9970,13149.1928,-3658.4970
1.500,1.600,0.119525,-3.5875,0.9978,13179.2461,-3665.3824
1.400,1.600,0.068719,-3.5906,0.9983,13201.5850,-3670.4878
1.300,1.600,0.037408,-3.5924,0.9986,13215.2089,-3673.6305
1.200,1.600,0.018518,-3.5935,0.9989,13223.4441,-3675.5222
1.100,1.600,0.011554,-3.5939,0.9989,13226.0504,-3676.1259
1.000,1.600,0.005835,-3.5942,0.9990,13228.5576,-3676.7010
3.000,1.600,1.000000,-3.2660,0.9354,10926.8624,-3129.1071
3.000,1.700,1.000000,-3.3867,0.9409,11748.8698,-3263.9457
3.000,1.800,1.000000,-3.5029,0.9453,12568.6517,-3391.5426
3.000,1.900,1.000000,-3.6179,0.9493,13406.3464,-3517.2947
3.000,2.000,1.000000,-3.7348,0.9533,14286.4489,-3646.5107
2.900,1.600,1.000000,-3.3051,0.9433,11189.2455,-3193.1581
2.900,1.700,1.000000,-3.4230,0.9480,12001.3017,-3323.6284
2.900,1.800,1.000000,-3.5411,0.9526,12843.4567,-3454.6860
2.900,1.900,1.000000,-3.6558,0.9563,13688.7738,-3580.4381
2.900,2.000,1.000000,-3.7722,0.9601,14573.2665,-3709.2635
2.800,1.600,1.000000,-3.3471,0.9517,11474.7347,-3262.5886
2.800,1.700,1.000000,-3.4614,0.9555,12271.6464,-3387.3942
2.800,1.800,1.000000,-3.5720,0.9585,13068.3156,-3506.4301
2.800,1.900,1.000000,-3.6904,0.9627,13948.3838,-3638.4156
2.800,2.000,1.000000,-3.8025,0.9656,14808.4695,-3760.1944
2.700,1.600,1.000000,-3.3832,0.9589,11723.4926,-3322.4784
2.700,1.700,1.000000,-3.4951,0.9621,12511.5645,-3443.6899
2.700,1.800,1.000000,-3.6095,0.9655,13343.9516,-3569.2208
2.700,1.900,1.000000,-3.7218,0.9685,14186.2582,-3691.2118
2.700,2.000,1.000000,-3.8327,0.9710,15044.2847,-3811.2895
2.600,1.600,1.000000,-3.4159,0.9654,11950.3663,-3377.1223
2.600,1.700,1.000000,-3.5257,0.9679,12731.2588,-3494.9311
2.600,1.800,1.000000,-3.6385,0.9709,13558.2067,-3617.8471
2.600,1.900,1.000000,-3.7507,0.9737,14407.0064,-3739.8948
2.600,2.000,1.000000,-3.8583,0.9755,15245.6036,-3854.4763
2.500,1.600,1.000000,-3.4460,0.9712,12161.8428,-3427.3481
2.500,1.700,1.000000,-3.5577,0.9739,12962.5066,-3548.4650
2.500,1.800,1.000000,-3.6647,0.9758,13754.5785,-3662.0678
2.500,1.900,1.000000,-3.7756,0.9782,14598.7294,-3782.0196
2.500,2.000,1.000000,-3.8837,0.9800,15446.8410,-3897.6969
2.400,1.600,1.000000,-3.4719,0.9761,12344.9038,-3470.7026
2.400,1.700,1.000000,-3.5811,0.9783,13133.8838,-3587.9778
2.400,1.800,1.000000,-3.6901,0.9804,13945.0106,-3704.8325
2.400,1.900,1.000000,-3.7971,0.9820,14765.8547,-3818.5532
2.400,2.000,1.000000,-3.9044,0.9836,15611.1245,-3932.7757
2.300,1.600,1.000000,-3.4958,0.9807,12515.3029,-3510.8431
2.300,1.700,1.000000,-3.6037,0.9825,13299.1657,-3625.9093
2.300,1.800,1.000000,-3.7110,0.9842,14102.7607,-3740.1105
2.300,1.900,1.000000,-3.8171,0.9856,14921.4705,-3852.4007
2.300,2.000,1.000000,-3.9223,0.9867,15754.8867,-3963.4088
2.200,1.600,1.000000,-3.5168,0.9847,12665.6439,-3546.1463
2.200,1.700,1.000000,-3.6224,0.9860,13437.6157,-3657.5865
2.200,1.800,1.000000,-3.7286,0.9874,14236.5461,-3769.8914
2.200,1.900,1.000000,-3.8330,0.9884,15046.0695,-3879.4688
2.200,2.000,0.951849,-3.9378,0.9894,15879.5801,-3989.8553
2.100,1.600,1.000000,-3.5342,0.9879,12790.6463,-3575.4246
2.100,1.700,0.984912,-3.6392,0.9891,13562.3594,-3686.0413
2.100,1.800,0.884863,-3.7436,0.9900,14350.8928,-3795.3440
2.100,1.900,0.797430,-3.8476,0.9909,15160.3948,-3904.3225
2.100,2.000,0.722851,-3.9508,0.9917,15984.4655,-4012.0028
4.000,1.600,1.000000,-2.6847,0.8084,7391.7725,-2225.1377
4.000,1.700,1.000000,-2.8244,0.8222,8178.1048,-2380.0880
4.000,1.800,1.000000,-2.9701,0.8366,9042.6077,-2546.4883
4.000,1.900,1.000000,-3.0933,0.8453,9808.4571,-2679.7596
4.000,2.000,1.000000,-3.2386,0.8580,10749.4568,-2847.3329
3.900,1.600,1.000000,-2.7484,0.8233,7745.4822,-2319.3967
3.900,1.700,1.000000,-2.8894,0.8368,8558.6515,-2478.0225
3.900,1.800,1.000000,-3.0244,0.8480,9375.4811,-2628.0862
3.900,1.900,1.000000,-3.1559,0.8582,10208.5086,-2775.4710
3.900,2.000,1.000000,-3.2921,0.8685,11107.2150,-2929.7684
3.800,1.600,1.000000,-2.8124,0.8377,8108.1861,-2414.5033
3.800,1.700,1.000000,-2.9482,0.8499,8909.8978,-2567.8563
3.800,1.800,1.000000,-3.0836,0.8607,9745.0811,-2719.4698
3.800,1.900,1.000000,-3.2247,0.8722,10656.2949,-2881.6493
3.800,2.000,1.000000,-3.3467,0.8794,11477.1578,-3015.3919
3.700,1.600,1.000000,-2.8776,0.8522,8488.6545,-2513.3570
3.700,1.700,1.000000,-3.0143,0.8639,9312.1551,-2668.2903
3.700,1.800,1.000000,-3.1516,0.8750,10179.2950,-2825.4766
3.700,1.900,1.000000,-3.2784,0.8832,11014.6258,-2966.6268
3.700,2.000,1.000000,-3.4112,0.8921,11923.8721,-3117.7909
3.600,1.600,1.000000,-2.9331,0.8647,8817.4912,-2598.9305
3.600,1.700,1.000000,-3.0728,0.8764,9676.5679,-2759.1315
3.600,1.800,1.000000,-3.2053,0.8860,10528.3928,-2909.7802
3.600,1.900,1.000000,-3.3299,0.8935,11361.2444,-3048.1578
3.600,2.000,1.000000,-3.4602,0.9016,12267.4435,-3195.8923
3.500,1.600,1.000000,-2.9996,0.8791,9221.2231,-2701.9795
3.500,1.700,1.000000,-3.1293,0.8885,10034.5468,-2848.5350
3.500,1.800,1.000000,-3.2580,0.8967,10876.2978,-2992.9271
3.500,1.900,1.000000,-3.3849,0.9045,11739.0443,-3136.4286
3.500,2.000,1.000000,-3.5131,0.9118,12643.7223,-3281.1254
3.400,1.600,1.000000,-3.0523,0.8906,9547.0525,-2785.1165
3.400,1.700,1.000000,-3.1829,0.8995,10380.8541,-2933.2907
3.400,1.800,1.000000,-3.3125,0.9079,11242.3804,-3080.8206
3.400,1.900,1.000000,-3.4378,0.9148,12108.3997,-3221.5506
3.400,2.000,1.000000,-3.5632,0.9215,13006.2770,-3363.1060
3.300,1.600,1.000000,-3.1119,0.9034,9922.5571,-2880.0476
3.300,1.700,1.000000,-3.2384,0.9111,10744.8245,-3022.7025
3.300,1.800,1.000000,-3.3656,0.9185,11604.2596,-3166.4399
3.300,1.900,1.000000,-3.4861,0.9243,12449.5327,-3300.3092
3.300,2.000,1.000000,-3.6112,0.9304,13358.5828,-3441.4191
3.200,1.600,1.000000,-3.1650,0.9145,10263.1362,-2964.9815
3.200,1.700,1.000000,-3.2907,0.9217,11093.5908,-3106.7763
3.200,1.800,1.000000,-3.4150,0.9282,11946.9601,-3246.8447
3.200,1.900,1.000000,-3.5358,0.9337,12806.6901,-3381.5422
3.200,2.000,1.000000,-3.6519,0.9380,13661.0975,-3508.6863
3.100,1.600,1.000000,-3.2144,0.9249,10585.2264,-3045.2862
3.100,1.700,1.000000,-3.3338,0.9304,11385.1007,-3177.0283
3.100,1.800,1.000000,-3.4583,0.9367,12251.1295,-3317.8246
3.100,1.900,1.000000,-3.5768,0.9415,13104.4255,-3449.2427
3.100,2.000,1.000000,-3.6974,0.9465,14002.2439,-3584.1331
2.000,2.500,0.316772,-4.4728,0.9958,20486.8312,-4560.9687
1.900,2.500,0.217407,-4.4794,0.9968,20546.6727,-4572.3525
1.800,2.500,0.151416,-4.4836,0.9975,20584.8845,-4579.5496
1.700,2.500,0.099329,-4.4870,0.9980,20616.2267,-4585.4272
1.600,2.500,0.061139,-4.4893,0.9983,20637.1362,-4589.3731
1.500,2.500,0.037024,-4.4910,0.9986,20653.1017,-4592.3811
1.400,2.500,0.023499,-4.4919,0.9987,20661.6550,-4593.9959
1.300,2.500,0.012140,-4.4929,0.9989,20670.6213,-4595.7005
1.200,2.500,0.006311,-4.4932,0.9990,20673.3965,-4596.2174
1.100,2.500,0.006531,-4.4931,0.9989,20672.1936,-4595.9983
1.000,2.500,0.006787,-4.4934,0.9990,20675.3616,-4596.5923
2.000,2.400,0.350440,-4.3714,0.9955,19568.3865,-4456.2200
1.900,2.400,0.246661,-4.3777,0.9965,19625.1108,-4467.1510
1.800,2.400,0.170813,-4.3825,0.9973,19667.8495,-4475.3984
1.700,2.400,0.111945,-4.3866,0.9979,19704.2660,-4482.4554
1.600,2.400,0.068439,-4.3893,0.9983,19728.4591,-4487.1393
1.500,2.400,0.042664,-4.3909,0.9986,19742.8807,-4489.9273
1.400,2.400,0.024817,-4.3921,0.9988,19754.0083,-4492.0428
1.300,2.400,0.012384,-4.3930,0.9989,19761.7186,-4493.5180
1.200,2.400,0.006262,-4.3933,0.9990,19764.0034,-4493.9661
1.100,2.400,0.006250,-4.3933,0.9989,19764.1966,-4494.0023
1.000,2.400,0.006152,-4.3933,0.9990,19764.9656,-4494.1531
2.000,2.300,0.392639,-4.2687,0.9950,18661.2157,-4349.6156
1.900,2.300,0.281750,-4.2759,0.9962,18722.8829,-4361.7525
1.800,2.300,0.188648,-4.2818,0.9971,18773.8359,-4371.7518
1.700,2.300,0.124316,-4.2857,0.9977,18808.0575,-4378.5107
1.600,2.300,0.080164,-4.2886,0.9982,18833.9592,-4383.6206
1.500,2.300,0.049597,-4.2905,0.9985,18850.7362,-4386.9199
1.400,2.300,0.030444,-4.2918,0.9987,18862.0304,-4389.1472
1.300,2.300,0.018463,-4.2925,0.9988,18867.9764,-4390.3110
1.200,2.300,0.006323,-4.2934,0.9990,18875.7073,-4391.8396
1.100,2.300,0.006464,-4.2935,0.9990,18876.6514,-4392.0266
1.000,2.300,0.006226,-4.2936,0.9990,18877.7115,-4392.2341
2.000,2.200,0.431512,-4.1670,0.9946,17780.2506,-4243.9195
1.900,2.200,0.305798,-4.1749,0.9959,17848.3601,-4257.6594
1.800,2.200,0.217004,-4.1802,0.9968,17893.6406,-4266.7814
1.700,2.200,0.145136,-4.1847,0.9975,17931.9056,-4274.4780
1.600,2.200,0.091718,-4.1880,0.9981,17960.2754,-4280.1786
1.500,2.200,0.054651,-4.1903,0.9984,17979.5883,-4284.0271
1.400,2.200,0.031281,-4.1917,0.9987,17991.7725,-4286.4670
1.300,2.200,0.018628,-4.1927,0.9988,18000.2645,-4288.1834
1.200,2.200,0.012012,-4.1931,0.9989,18004.3163,-4288.9977
1.100,2.200,0.005945,-4.1936,0.9990,18008.5164,-4289.8408
1.000,2.200,0.006604,-4.1935,0.9990,18007.7317,-4289.6844
2.000,2.100,0.481641,-4.0649,0.9942,16920.7874,-4138.2851
1.900,2.100,0.345734,-4.0729,0.9955,16987.6609,-4152.0303
1.800,2.100,0.243384,-4.0790,0.9965,17038.0059,-4162.4657
1.700,2.100,0.161816,-4.0840,0.9974,17079.2805,-4170.9574
1.600,2.100,0.101776,-4.0877,0.9980,17110.4838,-4177.3481
1.500,2.100,0.060669,-4.0900,0.9983,17129.1709,-4181.1607
1.400,2.100,0.038306,-4.0915,0.9986,17142.1986,-4183.8491
1.300,2.100,0.018115,-4.0929,0.9988,17154.2125,-4186.3105
1.200,2.100,0.012085,-4.0933,0.9989,17157.6580,-4187.0127
1.100,2.100,0.006030,-4.0937,0.9990,17160.4866,-4187.5952
1.000,2.100,0.006201,-4.0937,0.9990,17160.6446,-4187.6323
3.000,2.100,1.000000,-3.8526,0.9574,15201.8660,-3777.6465
3.000,2.200,1.000000,-3.9655,0.9605,16105.9241,-3900.6330
3.000,2.300,1.000000,-4.0751,0.9628,17008.3408,-4018.1878
3.000,2.400,1.000000,-4.1909,0.9661,17987.8760,-4146.3687
3.000,2.500,1.000000,-4.3027,0.9686,18960.2670,-4267.9770
2.900,2.100,1.000000,-3.8826,0.9627,15439.6339,-3828.1204
2.900,2.200,1.000000,-3.9947,0.9655,16343.5112,-3949.9046
2.900,2.300,1.000000,-4.1084,0.9684,17286.5060,-4074.7018
2.900,2.400,1.000000,-4.2197,0.9709,18235.1873,-4195.4708
2.900,2.500,1.000000,-4.3306,0.9731,19207.1719,-4315.8568
2.800,2.100,1.000000,-3.9154,0.9685,15700.8697,-3883.5652
2.800,2.200,1.000000,-4.0271,0.9711,16609.2290,-4004.8063
2.800,2.300,1.000000,-4.1363,0.9731,17521.6355,-4122.0901
2.800,2.400,1.000000,-4.2452,0.9750,18455.8677,-4238.9001
2.800,2.500,1.000000,-4.3555,0.9772,19427.7733,-4358.4516
2.700,2.100,1.000000,-3.9437,0.9734,15927.6472,-3931.3742
2.700,2.200,1.000000,-4.0525,0.9754,16819.0796,-4048.0078
2.700,2.300,1.000000,-4.1604,0.9772,17726.3254,-4163.2570
2.700,2.400,1.000000,-4.2695,0.9790,18667.0839,-4280.5005
2.700,2.500,1.000000,-4.3766,0.9805,19616.3204,-4394.6100
2.600,2.100,1.000000,-3.9686,0.9778,16129.3922,-3973.8290
2.600,2.200,1.000000,-4.0759,0.9794,17013.2502,-4087.9186
2.600,2.300,1.000000,-4.1832,0.9809,17920.4441,-4202.2384
2.600,2.400,1.000000,-4.2919,0.9827,18863.6518,-4319.1365
2.600,2.500,1.000000,-4.3983,0.9840,19811.3215,-4431.9729
2.500,2.100,1.000000,-3.9904,0.9815,16306.6273,-4010.9650
2.500,2.200,1.000000,-4.0977,0.9830,17194.6199,-4125.0381
2.500,2.300,1.000000,-4.2035,0.9843,18094.1975,-4236.9799
2.500,2.400,1.000000,-4.3107,0.9857,19028.4632,-4351.3721
2.500,2.500,1.000000,-4.4162,0.9869,19972.7394,-4462.8711
2.400,2.100,1.000000,-4.0099,0.9848,16466.0859,-4044.2109
2.400,2.200,1.000000,-4.1173,0.9864,17359.7724,-4158.7338
2.400,2.300,1.000000,-4.2220,0.9874,18253.9144,-4268.8812
2.400,2.400,1.000000,-4.3272,0.9884,19173.7323,-4379.6332
2.400,2.500,0.968188,-4.4312,0.9893,20108.3872,-4488.7577
2.300,2.100,1.000000,-4.0275,0.9878,16610.8672,-4074.3218
2.300,2.200,0.993304,-4.1324,0.9889,17487.8353,-4184.7221
2.300,2.300,0.910449,-4.2369,0.9898,18383.5768,-4294.6253
2.300,2.400,0.831482,-4.3415,0.9907,19301.0699,-4404.3534
2.300,2.500,0.760468,-4.4444,0.9913,20227.9537,-4511.6208
2.200,2.100,0.850678,-4.0428,0.9904,16736.3046,-4100.3048
2.200,2.200,0.774188,-4.1459,0.9911,17602.5320,-4207.9405
2.200,2.300,0.706598,-4.2492,0.9918,18491.4290,-4316.0226
2.200,2.400,0.635602,-4.3532,0.9926,19405.1581,-4424.6028
2.200,2.500,0.577612,-4.4564,0.9932,20336.6641,-4532.3859
2.100,2.100,0.648547,-4.0550,0.9925,16837.5619,-4121.1970
2.100,2.200,0.586218,-4.1577,0.9931,17702.4207,-4228.1607
2.100,2.300,0.526306,-4.2607,0.9937,18591.7920,-4335.8908
2.100,2.400,0.480896,-4.3633,0.9942,19495.9030,-4442.2452
2.100,2.500,0.437073,-4.4651,0.9946,20416.4122,-4547.5861
4.000,2.100,1.000000,-3.3727,0.8677,11656.4543,-2998.3227
4.000,2.200,1.000000,-3.5057,0.8767,12593.1180,-3148.8560
4.000,2.300,1.000000,-3.6357,0.8846,13543.4525,-3294.6245
4.000,2.400,1.000000,-3.7606,0.8914,14489.3242,-3434.1506
4.000,2.500,1.000000,-3.8921,0.8991,15520.1848,-3584.7258
3.900,2.100,1.000000,-3.4272,0.8782,12035.5590,-3083.4686
3.900,2.200,1.000000,-3.5538,0.8858,12941.0934,-3225.0800
3.900,2.300,1.000000,-3.6898,0.8947,13949.2070,-3381.9801
3.900,2.400,1.000000,-3.8040,0.8992,14826.1494,-3504.2102
3.900,2.500,1.000000,-3.9347,0.9065,15861.4986,-3653.7901
3.800,2.100,1.000000,-3.4866,0.8896,12456.3402,-3177.8330
3.800,2.200,1.000000,-3.6116,0.8966,13364.4124,-3317.3709
3.800,2.300,1.000000,-3.7378,0.9034,14314.2643,-3459.1404
3.800,2.400,1.000000,-3.8657,0.9103,15309.2338,-3604.4868
3.800,2.500,1.000000,-3.9875,0.9157,16288.3677,-3740.0861
3.700,2.100,1.000000,-3.5339,0.8987,12795.5906,-3253.4901
3.700,2.200,1.000000,-3.6640,0.9063,13754.1759,-3401.7009
3.700,2.300,1.000000,-3.7864,0.9121,14687.2853,-3537.8091
3.700,2.400,1.000000,-3.9080,0.9177,15645.2117,-3673.6677
3.700,2.500,1.000000,-4.0301,0.9229,16638.3713,-3810.0309
3.600,2.100,1.000000,-3.5939,0.9100,13232.9459,-3350.0798
3.600,2.200,1.000000,-3.7147,0.9156,14136.2245,-3484.0508
3.600,2.300,1.000000,-3.8325,0.9205,15046.9864,-3613.5056
3.600,2.400,1.000000,-3.9605,0.9268,16067.9025,-3759.8832
3.600,2.500,1.000000,-4.0802,0.9315,17053.5765,-3892.9549
3.500,2.100,1.000000,-3.6354,0.9178,13539.6936,-3417.6686
3.500,2.200,1.000000,-3.7618,0.9242,14496.5049,-3561.1693
3.500,2.300,1.000000,-3.8875,0.9301,15480.5809,-3703.6698
3.500,2.400,1.000000,-4.0064,0.9348,16441.9728,-3836.0566
3.500,2.500,1.000000,-4.1187,0.9380,17375.5646,-3957.0404
3.400,2.100,1.000000,-3.6855,0.9270,13914.5677,-3499.5948
3.400,2.200,1.000000,-3.8058,0.9321,14837.2972,-3633.5923
3.400,2.300,1.000000,-3.9288,0.9375,15811.0967,-3772.4785
3.400,2.400,1.000000,-4.0450,0.9414,16759.7241,-3900.1604
3.400,2.500,1.000000,-4.1642,0.9457,17761.6644,-4033.3122
3.300,2.100,1.000000,-3.7335,0.9360,14278.8487,-3579.1555
3.300,2.200,1.000000,-3.8518,0.9404,15197.1309,-3709.9192
3.300,2.300,1.000000,-3.9691,0.9446,16135.7341,-3839.7451
3.300,2.400,1.000000,-4.0861,0.9484,17101.3461,-3969.2114
3.300,2.500,1.000000,-4.2006,0.9517,18072.9913,-4094.5571
3.200,2.100,1.000000,-3.7771,0.9438,14613.4095,-3651.1846
3.200,2.200,1.000000,-3.8912,0.9474,15509.0746,-3775.7131
3.200,2.300,1.000000,-4.0074,0.9512,16448.2408,-3903.9033
3.200,2.400,1.000000,-4.1248,0.9550,17426.0436,-4034.4369
3.200,2.500,1.000000,-4.2387,0.9581,18401.6728,-4159.2511
3.100,2.100,1.000000,-3.8148,0.9507,14905.8909,-3714.4529
3.100,2.200,1.000000,-3.9314,0.9545,15830.3811,-3843.0321
3.100,2.300,1.000000,-4.0454,0.9577,16761.3438,-3967.9788
3.100,2.400,1.000000,-4.1569,0.9604,17697.8363,-4088.6329
3.100,2.500,1.000000,-4.2720,0.9636,18691.1127,-4215.6177
2.000,3.000,0.189685,-4.9798,0.9971,25393.1932,-5084.4745
1.900,3.000,0.128265,-4.9841,0.9977,25437.2582,-5092.0626
1.800,3.000,0.086932,-4.9868,0.9981,25465.4285,-5096.8934
1.700,3.000,0.055377,-4.9893,0.9984,25490.1683,-5101.1612
1.600,3.000,0.036969,-4.9904,0.9986,25501.8752,-5103.1718
1.500,3.000,0.018811,-4.9917,0.9988,25515.1693,-5105.4376
1.400,3.000,0.011780,-4.9922,0.9989,25519.8153,-5106.2434
1.300,3.000,0.006030,-4.9927,0.9990,25525.4735,-5107.2196
1.200,3.000,0.006445,-4.9928,0.9990,25525.8849,-5107.2918
1.100,3.000,0.005859,-4.9928,0.9990,25526.6411,-5107.4238
1.000,3.000,0.006262,-4.9929,0.9990,25526.6779,-5107.4261
2.000,2.900,0.213977,-4.8783,0.9968,24369.3513,-4979.6587
1.900,2.900,0.143506,-4.8832,0.9976,24418.2676,-4988.2412
1.800,2.900,0.099628,-4.8861,0.9980,24447.3189,-4993.3421
1.700,2.900,0.062610,-4.8891,0.9984,24476.7528,-4998.4819
1.600,2.900,0.036865,-4.8906,0.9986,24492.3283,-5001.2052
1.500,2.900,0.024268,-4.8915,0.9988,24501.3442,-5002.7685
1.400,2.900,0.012476,-4.8925,0.9989,24510.6061,-5004.3923
1.300,2.900,0.006494,-4.8927,0.9990,24512.8528,-5004.7855
1.200,2.900,0.005798,-4.8929,0.9990,24515.1454,-5005.1883
1.100,2.900,0.005884,-4.8928,0.9990,24514.0631,-5004.9916
1.000,2.900,0.006433,-4.8929,0.9990,24514.7385,-5005.1173
2.000,2.800,0.230621,-4.7774,0.9967,23371.8777,-4875.6602
1.900,2.800,0.163037,-4.7823,0.9974,23419.0717,-4884.1857
1.800,2.800,0.110791,-4.7859,0.9979,23454.5537,-4890.5526
1.700,2.800,0.067493,-4.7886,0.9983,23480.8815,-4895.2543
1.600,2.800,0.043359,-4.7904,0.9986,23498.5476,-4898.4016
1.500,2.800,0.024457,-4.7917,0.9988,23511.2504,-4900.6816
1.400,2.800,0.011963,-4.7925,0.9989,23519.3820,-4902.1243
1.300,2.800,0.006232,-4.7930,0.9990,23524.1334,-4902.9641
1.200,2.800,0.006189,-4.7931,0.9990,23525.0940,-4903.1345
1.100,2.800,0.005762,-4.7931,0.9990,23524.9451,-4903.1095
1.000,2.800,0.006091,-4.7931,0.9990,23524.7306,-4903.0734
2.000,2.700,0.258203,-4.6757,0.9963,22387.2697,-4770.4059
1.900,2.700,0.185297,-4.6811,0.9972,22439.1071,-4779.8383
1.800,2.700,0.125623,-4.6848,0.9977,22475.0262,-4786.4094
1.700,2.700,0.081116,-4.6879,0.9982,22504.5892,-4791.8162
1.600,2.700,0.048993,-4.6901,0.9985,22524.8632,-4795.5217
1.500,2.700,0.030487,-4.6912,0.9987,22535.4354,-4797.4370
1.400,2.700,0.018628,-4.6920,0.9988,22543.4291,-4798.8931
1.300,2.700,0.011865,-4.6927,0.9989,22550.1170,-4800.1179
1.200,2.700,0.005823,-4.6932,0.9990,22554.3867,-4800.8893
1.100,2.700,0.005945,-4.6931,0.9990,22553.5882,-4800.7448
1.000,2.700,0.006537,-4.6928,0.9989,22551.2230,-4800.3166
2.000,2.600,0.285229,-4.5745,0.9961,21428.6244,-4666.1140
1.900,2.600,0.199878,-4.5802,0.9970,21481.7926,-4675.9712
1.800,2.600,0.136896,-4.5845,0.9976,21521.8215,-4683.4072
1.700,2.600,0.087134,-4.5874,0.9981,21549.5287,-4688.5315
1.600,2.600,0.054394,-4.5899,0.9985,21572.7471,-4692.8199
1.500,2.600,0.030408,-4.5916,0.9987,21589.2914,-4695.8840
1.400,2.600,0.018616,-4.5923,0.9988,21595.2854,-4697.0038
1.300,2.600,0.011902,-4.5930,0.9989,21601.5494,-4698.1637
1.200,2.600,0.006018,-4.5931,0.9990,21602.9616,-4698.4245
1.100,2.600,0.005518,-4.5930,0.9989,21602.1071,-4698.2723
1.000,2.600,0.006390,-4.5933,0.9990,21604.3180,-4698.6798
3.000,2.600,1.000000,-4.4122,0.9706,19937.0200,-4385.7673
3.000,2.700,1.000000,-4.5195,0.9722,20918.2649,-4499.8621
3.000,2.800,1.000000,-4.6316,0.9746,21968.7094,-4622.3624
3.000,2.900,1.000000,-4.7417,0.9765,23025.8352,-4741.7669
3.000,3.000,1.000000,-4.8497,0.9781,24085.8740,-4857.3174
2.900,2.600,1.000000,-4.4389,0.9749,20178.3882,-4431.4646
2.900,2.700,1.000000,-4.5486,0.9768,21188.7877,-4550.1298
2.900,2.800,1.000000,-4.6559,0.9783,22199.9447,-4664.4388
2.900,2.900,1.000000,-4.7636,0.9798,23238.9410,-4779.7228
2.900,3.000,1.000000,-4.8707,0.9812,24294.9631,-4893.7914
2.800,2.600,1.000000,-4.4619,0.9785,20388.2909,-4471.2180
2.800,2.700,1.000000,-4.5704,0.9802,21391.6509,-4587.7029
2.800,2.800,1.000000,-4.6782,0.9817,22412.6888,-4703.0740
2.800,2.900,1.000000,-4.7844,0.9829,23441.9578,-4815.8412
2.800,3.000,1.000000,-4.8911,0.9842,24498.3347,-4929.3657
2.700,2.600,1.000000,-4.4841,0.9820,20591.4649,-4509.5768
2.700,2.700,1.000000,-4.5913,0.9834,21587.3765,-4623.9202
2.700,2.800,1.000000,-4.6981,0.9847,22603.6453,-4737.6733
2.700,2.900,1.000000,-4.8034,0.9858,23628.8380,-4848.9966
2.700,3.000,1.000000,-4.9088,0.9868,24674.9187,-4960.1963
2.600,2.600,1.000000,-4.5039,0.9851,20772.2548,-4543.5935
2.600,2.700,1.000000,-4.6091,0.9862,21754.5785,-4654.7241
2.600,2.800,1.000000,-4.7145,0.9872,22761.2917,-4766.1916
2.600,2.900,1.000000,-4.8195,0.9882,23787.4193,-4877.0803
2.600,3.000,0.990454,-4.9242,0.9890,24829.3800,-4987.1250
2.500,2.600,1.000000,-4.5209,0.9878,20929.2495,-4573.1057
2.500,2.700,1.000000,-4.6258,0.9888,21912.7031,-4683.8321
2.500,2.800,0.942926,-4.7302,0.9896,22913.0830,-4793.5716
2.500,2.900,0.861853,-4.8337,0.9903,23926.7855,-4901.7210
2.500,3.000,0.793250,-4.9382,0.9911,24970.9021,-5011.6693
2.400,2.600,0.888049,-4.5360,0.9902,21069.2070,-4599.1174
2.400,2.700,0.810651,-4.6400,0.9909,22046.2435,-4708.4756
2.400,2.800,0.742786,-4.7431,0.9915,23036.8159,-4815.9156
2.400,2.900,0.683527,-4.8457,0.9921,24045.2085,-4922.5993
2.400,3.000,0.619946,-4.9497,0.9928,25087.7944,-5031.9153
2.300,2.600,0.693750,-4.5481,0.9920,21182.3529,-4620.1110
2.300,2.700,0.631439,-4.6513,0.9926,22153.8512,-4728.1089
2.300,2.800,0.571130,-4.7546,0.9932,23148.2062,-4835.8798
2.300,2.900,0.522913,-4.8570,0.9937,24157.3895,-4942.3722
2.300,3.000,0.480670,-4.9596,0.9942,25188.3108,-5049.3182
2.200,2.600,0.530804,-4.5585,0.9936,21279.0064,-4638.1612
2.200,2.700,0.484515,-4.6612,0.9941,22248.9318,-4745.3756
2.200,2.800,0.438062,-4.7635,0.9946,23235.7400,-4851.4360
2.200,2.900,0.396057,-4.8657,0.9950,24243.4801,-4957.5421
2.200,3.000,0.362762,-4.9674,0.9953,25267.3231,-5062.9348
2.100,2.600,0.395532,-4.5675,0.9950,21362.7673,-4653.9127
2.100,2.700,0.353717,-4.6700,0.9955,22332.2971,-4760.4360
2.100,2.800,0.326819,-4.7709,0.9957,23308.8195,-4864.3685
2.100,2.900,0.290942,-4.8731,0.9961,24316.7090,-4970.4312
2.100,3.000,0.266327,-4.9743,0.9963,25337.2748,-5074.9172
4.000,2.600,1.000000,-4.0145,0.9047,16510.6780,-3720.4716
4.000,2.700,1.000000,-4.1455,0.9115,17605.6057,-3870.7690
4.000,2.800,1.000000,-4.2614,0.9158,18603.2498,-3997.3705
4.000,2.900,1.000000,-4.3856,0.9211,19702.1429,-4137.5005
4.000,3.000,1.000000,-4.5038,0.9252,20778.4854,-4268.2095
3.900,2.600,1.000000,-4.0689,0.9140,16960.2178,-3809.2781
3.900,2.700,1.000000,-4.1832,0.9179,17926.2167,-3933.1255
3.900,2.800,1.000000,-4.3098,0.9236,19027.4445,-4077.3048
3.900,2.900,1.000000,-4.4271,0.9277,20076.6058,-4206.8449
3.900,3.000,1.000000,-4.5486,0.9322,21192.4917,-4342.8591
3.800,2.600,1.000000,-4.1110,0.9212,17313.5685,-3879.0695
3.800,2.700,1.000000,-4.2342,0.9263,18365.4761,-4017.4628
3.800,2.800,1.000000,-4.3511,0.9303,19393.0914,-4146.0230
3.800,2.900,1.000000,-4.4680,0.9341,20448.3525,-4274.9203
3.800,3.000,1.000000,-4.5910,0.9388,21588.8949,-4414.4167
3.700,2.600,1.000000,-4.1542,0.9284,17677.7981,-3950.1535
3.700,2.700,1.000000,-4.2742,0.9329,18713.2175,-4084.2998
3.700,2.800,1.000000,-4.3931,0.9370,19769.2377,-4216.3821
3.700,2.900,1.000000,-4.5120,0.9411,20852.4602,-4349.0017
3.700,3.000,1.000000,-4.6264,0.9443,21923.1798,-4474.4424
3.600,2.600,1.000000,-4.1993,0.9359,18062.8031,-4025.2857
3.600,2.700,1.000000,-4.3204,0.9404,19119.4326,-4161.4688
3.600,2.800,1.000000,-4.4365,0.9440,20160.2697,-4289.5472
3.600,2.900,1.000000,-4.5533,0.9475,21234.9381,-4418.7037
3.600,3.000,1.000000,-4.6626,0.9498,22266.3960,-4535.3311
3.500,2.600,1.000000,-4.2399,0.9426,18413.4313,-4093.3676
3.500,2.700,1.000000,-4.3584,0.9466,19456.1523,-4225.3910
3.500,2.800,1.000000,-4.4757,0.9503,20517.0507,-4355.8242
3.500,2.900,1.000000,-4.5886,0.9531,21565.5235,-4478.9011
3.500,3.000,1.000000,-4.7032,0.9560,22655.0360,-4604.7289
3.400,2.600,1.000000,-4.2841,0.9499,18798.3875,-4167.8635
3.400,2.700,1.000000,-4.3950,0.9525,19783.8756,-4287.3291
3.400,2.800,1.000000,-4.5107,0.9557,20838.5184,-4415.1388
3.400,2.900,1.000000,-4.6258,0.9588,21916.0509,-4542.3400
3.400,3.000,1.000000,-4.7408,0.9617,23018.6121,-4669.3677
3.300,2.600,1.000000,-4.3141,0.9548,19062.5422,-4218.5883
3.300,2.700,1.000000,-4.4274,0.9576,20076.1782,-4342.2096
3.300,2.800,1.000000,-4.5460,0.9613,21165.3287,-4475.2321
3.300,2.900,1.000000,-4.6548,0.9633,22190.9390,-4592.0359
3.300,3.000,1.000000,-4.7706,0.9662,23308.0612,-4720.5779
3.200,2.600,1.000000,-4.3520,0.9610,19397.4652,-4282.9195
3.200,2.700,1.000000,-4.4620,0.9632,20391.1322,-4401.4427
3.200,2.800,1.000000,-4.5764,0.9660,21449.0489,-4527.3309
3.200,2.900,1.000000,-4.6890,0.9685,22517.4271,-4650.6069
3.200,3.000,1.000000,-4.7988,0.9705,23584.2631,-4769.3006
3.100,2.600,1.000000,-4.3827,0.9659,19672.3523,-4335.3089
3.100,2.700,1.000000,-4.4944,0.9683,20686.9774,-4456.8130
3.100,2.800,1.000000,-4.6065,0.9707,21731.6128,-4579.0123
3.100,2.900,1.000000,-4.7148,0.9724,22766.4958,-4695.3307
3.100,3.000,1.000000,-4.8239,0.9742,23831.0713,-4812.5992
2.000,0.500,1.000000,-2.3637,0.9664,5722.3895,-2339.5219
1.900,0.500,1.000000,-2.3946,0.9744,5872.5529,-2389.5354
1.800,0.500,1.000000,-2.4208,0.9811,6001.8775,-2432.1929
1.700,0.500,1.000000,-2.4405,0.9859,6099.6951,-2464.0950
1.600,0.500,0.872131,-2.4572,0.9900,6183.2006,-2491.1274
1.500,0.500,0.581439,-2.4694,0.9929,6244.4975,-2510.7869
1.400,0.500,0.363837,-2.4791,0.9952,6293.3793,-2526.3714
1.300,0.500,0.219476,-2.4853,0.9966,6325.0118,-2536.4073
1.200,0.500,0.124493,-2.4896,0.9976,6347.0803,-2543.3938
1.100,0.500,0.063269,-2.4924,0.9983,6361.2666,-2547.8814
1.000,0.500,0.031183,-2.4940,0.9986,6369.4307,-2550.4528
2.000,0.400,1.000000,-2.2475,0.9608,5174.0554,-2211.5890
1.900,0.400,1.000000,-2.2826,0.9704,5336.4115,-2268.4937
1.800,0.400,1.000000,-2.3109,0.9779,5469.2138,-2314.3443
1.700,0.400,1.000000,-2.3340,0.9839,5579.0820,-2351.6052
1.600,0.400,0.995526,-2.3528,0.9886,5669.2634,-2382.0042
1.500,0.400,0.680994,-2.3661,0.9919,5732.9786,-2403.3050
1.400,0.400,0.434723,-2.3766,0.9945,5783.7813,-2420.1281
1.300,0.400,0.255945,-2.3840,0.9963,5820.1349,-2432.1118
1.200,0.400,0.145923,-2.3889,0.9974,5843.7562,-2439.8867
1.100,0.400,0.072143,-2.3923,0.9982,5860.3436,-2445.3226
1.000,0.400,0.032007,-2.3941,0.9986,5869.4087,-2448.2702
2.000,0.300,1.000000,-2.1311,0.9543,4652.4438,-2083.0763
1.900,0.300,1.000000,-2.1685,0.9652,4816.4465,-2143.6997
1.800,0.300,1.000000,-2.2020,0.9748,4966.1475,-2198.1984
1.700,0.300,1.000000,-2.2265,0.9814,5077.0867,-2237.6433
1.600,0.300,1.000000,-2.2467,0.9867,5169.1104,-2270.0167
1.500,0.300,0.797534,-2.2623,0.9907,5240.9217,-2295.0419
1.400,0.300,0.513446,-2.2737,0.9936,5293.9295,-2313.3006
1.300,0.300,0.304474,-2.2822,0.9957,5333.6764,-2326.9270
1.200,0.300,0.171344,-2.2882,0.9972,5361.4391,-2336.4423
1.100,0.300,0.090771,-2.2917,0.9980,5377.9331,-2342.0629
1.000,0.300,0.043750,-2.2938,0.9985,5387.9012,-2345.4509
2.000,0.200,1.000000,-2.0096,0.9458,4137.2621,-1946.7823
1.900,0.200,1.000000,-2.0535,0.9594,4319.4740,-2017.8361
1.800,0.200,1.000000,-2.0873,0.9695,4462.2797,-2072.5077
1.700,0.200,1.000000,-2.1166,0.9779,4588.3606,-2119.7424
1.600,0.200,1.000000,-2.1402,0.9845,4690.9427,-2157.6474
1.500,0.200,0.951306,-2.1571,0.9890,4765.2679,-2184.7361
1.400,0.200,0.608044,-2.1705,0.9925,4824.4495,-2206.1282
1.300,0.200,0.370563,-2.1800,0.9950,4866.7143,-2221.2621
1.200,0.200,0.202661,-2.1870,0.9968,4897.8137,-2232.3081
1.100,0.200,0.104150,-2.1912,0.9978,4916.6480,-2238.9578
1.000,0.200,0.051269,-2.1935,0.9984,4926.8861,-2242.5875
2.000,0.100,1.000000,-1.8761,0.9303,3606.7139,-1788.2412
1.900,0.100,1.000000,-1.9295,0.9493,3814.1324,-1876.1614
1.800,0.100,1.000000,-1.9722,0.9632,3983.9638,-1945.6549
1.700,0.100,1.000000,-2.0063,0.9740,4122.6329,-2001.1955
1.600,0.100,1.000000,-2.0322,0.9816,4229.3510,-2042.7892
1.500,0.100,1.000000,-2.0520,0.9872,4312.2945,-2074.6256
1.400,0.100,0.722778,-2.0669,0.9913,4374.9066,-2098.2631
1.300,0.100,0.438257,-2.0778,0.9943,4421.0530,-2115.5372
1.200,0.100,0.255554,-2.0850,0.9962,4451.6805,-2126.9070
1.100,0.100,0.127338,-2.0903,0.9975,4474.2386,-2135.2121
1.000,0.100,0.058783,-2.0934,0.9984,4487.4196,-2140.0905
2.000,0.000,1.000000,-1.7313,0.9043,3072.5975,-1604.7388
1.900,0.000,1.000000,-1.7950,0.9316,3301.5027,-1713.3409
1.800,0.000,1.000000,-1.8530,0.9548,3517.3203,-1812.2581
1.700,0.000,1.000000,-1.8899,0.9671,3658.3664,-1872.0284
1.600,0.000,1.000000,-1.9211,0.9773,3779.8719,-1922.7835
1.500,0.000,1.000000,-1.9446,0.9845,3872.7532,-1960.6069
1.400,0.000,0.870331,-1.9623,0.9897,3943.3743,-1988.7056
1.300,0.000,0.523010,-1.9751,0.9933,3994.8953,-2009.0508
1.200,0.000,0.299670,-1.9837,0.9957,4029.7221,-2022.6569
1.100,0.000,0.159637,-1.9892,0.9972,4051.7077,-2031.1321
1.000,0.000,0.073370,-1.9930,0.9982,4067.4138,-2037.1616
3.000,0.000,1.000000,-0.8147,0.0710,683.0055,-59.4918
3.000,0.100,1.000000,-0.9157,0.3059,863.4419,-290.3935
3.000,0.200,1.000000,-1.1326,0.5277,1321.9887,-617.4343
3.000,0.300,1.000000,-1.3798,0.6575,1957.3028,-932.7646
3.000,0.400,1.000000,-1.5620,0.7218,2505.0954,-1157.2972
3.000,0.500,1.000000,-1.7451,0.7699,3126.1045,-1378.6276
2.900,0.000,1.000000,-0.8621,0.0955,764.8075,-85.5462
2.900,0.100,1.000000,-1.0423,0.4411,1119.4381,-475.7121
2.900,0.200,1.000000,-1.2454,0.5936,1596.2894,-761.9378
2.900,0.300,1.000000,-1.4650,0.6987,2205.8299,-1052.0752
2.900,0.400,1.000000,-1.6503,0.7589,2796.4512,-1285.5255
2.900,0.500,1.000000,-1.8244,0.7984,3415.1148,-1493.9488
2.800,0.000,1.000000,-0.8907,0.0797,815.8873,-73.0105
2.800,0.100,1.000000,-1.1168,0.4888,1284.4504,-564.8076
2.800,0.200,1.000000,-1.3461,0.6518,1862.4678,-902.3699
2.800,0.300,1.000000,-1.5589,0.7435,2495.9950,-1190.1206
2.800,0.400,1.000000,-1.7287,0.7874,3066.7143,-1396.3215
2.800,0.500,1.000000,-1.9039,0.8264,3718.1806,-1613.3930
2.700,0.000,1.000000,-0.9633,0.1343,954.6796,-133.0626
2.700,0.100,1.000000,-1.1900,0.5462,1457.9429,-670.9323
2.700,0.200,1.000000,-1.4527,0.7126,2168.5393,-1064.0647
2.700,0.300,1.000000,-1.6570,0.7844,2817.9164,-1333.7435
2.700,0.400,1.000000,-1.8316,0.8285,3440.7150,-1555.7655
2.700,0.500,1.000000,-1.9811,0.8524,4023.9091,-1730.9614
2.600,0.000,1.000000,-1.0248,0.1740,1079.7946,-185.4174
2.600,0.100,1.000000,-1.3079,0.6319,1759.9147,-851.7940
2.600,0.200,1.000000,-1.5538,0.7629,2480.1978,-1217.8860
2.600,0.300,1.000000,-1.7380,0.8184,3099.2013,-1458.8355
2.600,0.400,1.000000,-1.9129,0.8568,3751.7782,-1679.8516
2.600,0.500,1.000000,-2.0538,0.8766,4323.7537,-1844.9639
2.500,0.000,1.000000,-1.0845,0.2543,1210.2823,-287.4989
2.500,0.100,1.000000,-1.4423,0.7213,2137.0453,-1069.3547
2.500,0.200,1.000000,-1.6627,0.8135,2836.5835,-1387.5167
2.500,0.300,1.000000,-1.8157,0.8475,3381.3844,-1577.8733
2.500,0.400,1.000000,-1.9758,0.8773,4002.8440,-1776.8331
2.500,0.500,1.000000,-2.1218,0.8974,4613.8544,-1950.9055
2.400,0.000,1.000000,-1.2098,0.3543,1508.8268,-454.7234
2.400,0.100,1.000000,-1.5498,0.7849,2465.8807,-1248.9993
2.400,0.200,1.000000,-1.7483,0.8508,3134.3353,-1524.8104
2.400,0.300,1.000000,-1.9021,0.8800,3709.2255,-1715.5696
2.400,0.400,1.000000,-2.0464,0.9005,4291.6988,-1888.1568
2.400,0.500,1.000000,-2.1846,0.9162,4890.4114,-2050.5988
2.300,0.000,1.000000,-1.4176,0.7006,2064.4384,-1021.9763
2.300,0.100,1.000000,-1.6516,0.8336,2798.4471,-1412.4151
2.300,0.200,1.000000,-1.8256,0.8807,3416.7987,-1647.9647
2.300,0.300,1.000000,-1.9750,0.9056,3997.5909,-1832.6021
2.300,0.400,1.000000,-2.1034,0.9183,4533.6333,-1978.9927
2.300,0.500,1.000000,-2.2396,0.9325,5139.0869,-2139.3086
2.200,0.000,1.000000,-1.5300,0.7835,2403.1564,-1231.9608
2.200,0.100,1.000000,-1.7486,0.8809,3134.6714,-1578.8048
2.200,0.200,1.000000,-1.8932,0.9059,3673.4619,-1757.3790
2.200,0.300,1.000000,-2.0330,0.9247,4235.0712,-1925.8790
2.200,0.400,1.000000,-2.1612,0.9362,4785.4934,-2072.6878
2.200,0.500,1.000000,-2.2848,0.9451,5347.8698,-2211.8468
2.100,0.000,1.000000,-1.6405,0.8575,2759.7405,-1442.5276
2.100,0.100,1.000000,-1.8149,0.9075,3376.5008,-1687.9798
2.100,0.200,1.000000,-1.9568,0.9282,3923.4148,-1860.7886
2.100,0.300,1.000000,-2.0847,0.9406,4452.6385,-2008.5951
2.100,0.400,1.000000,-2.2066,0.9492,4987.9886,-2145.4420
2.100,0.500,1.000000,-2.3292,0.9573,5557.1953,-2283.7584
4.000,0.000,1.000000,-0.5570,0.0490,320.6415,-28.2138
4.000,0.100,1.000000,-0.5812,0.1108,349.7002,-68.0639
4.000,0.200,1.000000,-0.6468,0.2089,432.7374,-140.9520
4.000,0.300,1.000000,-0.7445,0.3036,574.1804,-235.4084
4.000,0.400,1.000000,-0.8564,0.3713,756.3375,-328.3191
4.000,0.500,1.000000,-0.9996,0.4436,1031.3752,-458.1194
3.900,0.000,1.000000,-0.5707,0.0563,336.3128,-33.3750
3.900,0.100,1.000000,-0.6017,0.1281,373.5930,-80.2458
3.900,0.200,1.000000,-0.6754,0.2302,471.4477,-161.3543
3.900,0.300,1.000000,-0.7831,0.3266,634.0189,-265.8192
3.900,0.400,1.000000,-0.9134,0.4081,860.5796,-384.9924
3.900,0.500,1.000000,-1.0521,0.4708,1141.9450,-511.4338
3.800,0.000,1.000000,-0.5844,0.0505,352.2671,-30.6130
3.800,0.100,1.000000,-0.6188,0.1114,395.4580,-71.7073
3.800,0.200,1.000000,-0.6895,0.2345,491.4372,-168.5806
3.800,0.300,1.000000,-0.8155,0.3440,686.4551,-290.4376
3.800,0.400,1.000000,-0.9579,0.4284,949.2833,-425.3019
3.800,0.500,1.000000,-1.1295,0.5091,1314.6678,-592.5650
3.700,0.000,1.000000,-0.6110,0.0597,385.7803,-37.9001
3.700,0.100,1.000000,-0.6433,0.1394,427.0114,-93.2415
3.700,0.200,1.000000,-0.7350,0.2651,558.3861,-203.2164
3.700,0.300,1.000000,-0.8822,0.3880,803.0012,-353.5508
3.700,0.400,1.000000,-1.0007,0.4479,1032.1734,-462.3511
3.700,0.500,1.000000,-1.1980,0.5434,1478.6724,-671.0081
3.600,0.000,1.000000,-0.6326,0.0558,412.5926,-36.5572
3.600,0.100,1.000000,-0.6621,0.1422,452.7055,-98.7903
3.600,0.200,1.000000,-0.7659,0.2761,606.5110,-220.2672
3.600,0.300,1.000000,-0.9000,0.3902,835.3853,-362.9968
3.600,0.400,1.000000,-1.0995,0.5026,1246.3181,-570.1495
3.600,0.500,1.000000,-1.2482,0.5651,1606.3635,-727.2060
3.500,0.000,1.000000,-0.6578,0.0569,446.0051,-38.7769
3.500,0.100,1.000000,-0.7067,0.1781,515.2546,-130.6308
3.500,0.200,1.000000,-0.8089,0.3123,674.7688,-262.0711
3.500,0.300,1.000000,-0.9620,0.4307,954.7384,-428.0589
3.500,0.400,1.000000,-1.1468,0.5257,1355.4330,-621.7791
3.500,0.500,1.000000,-1.3337,0.6027,1829.3126,-826.3752
3.400,0.000,1.000000,-0.6846,0.0608,483.0057,-42.8380
3.400,0.100,1.000000,-0.7274,0.1736,546.3624,-132.3000
3.400,0.200,1.000000,-0.8674,0.3469,777.5130,-313.2506
3.400,0.300,1.000000,-1.0501,0.4759,1137.4787,-516.8301
3.400,0.400,1.000000,-1.1958,0.5489,1474.2967,-677.4106
3.400,0.500,1.000000,-1.4073,0.6364,2036.8707,-920.8039
3.300,0.000,1.000000,-0.7132,0.0604,524.1627,-44.1295
3.300,0.100,1.000000,-0.7644,0.2038,601.9273,-161.4811
3.300,0.200,1.000000,-0.9273,0.3915,886.9482,-376.4893
3.300,0.300,1.000000,-1.0980,0.5022,1241.6340,-568.6956
3.300,0.400,1.000000,-1.3107,0.6082,1767.1539,-820.0369
3.300,0.500,1.000000,-1.4861,0.6688,2268.3822,-1020.4584
3.200,0.000,1.000000,-0.7419,0.0722,567.2174,-55.7695
3.200,0.100,1.000000,-0.8003,0.2021,660.2173,-168.3017
3.200,0.200,1.000000,-0.9808,0.4313,992.7236,-438.1625
3.200,0.300,1.000000,-1.1998,0.5622,1482.6087,-695.5329
3.200,0.400,1.000000,-1.3827,0.6405,1965.9811,-910.6502
3.200,0.500,1.000000,-1.5712,0.7032,2537.1753,-1135.0863
3.100,0.000,1.000000,-0.7795,0.0885,625.4929,-70.7333
3.100,0.100,1.000000,-0.8670,0.2823,774.8858,-254.9875
3.100,0.200,1.000000,-1.0688,0.4765,1176.5012,-526.3270
3.100,0.300,1.000000,-1.2710,0.5993,1663.0721,-784.5662
3.100,0.400,1.000000,-1.4798,0.6837,2250.3215,-1039.4233
3.100,0.500,1.000000,-1.6596,0.7381,2828.9041,-1257.7674
