4.000,3.000,1.000000,-1.1589,0.3257,1377.3808,-386.8836
3.800,3.000,1.000000,-1.1846,0.3299,1438.7268,-400.5112
3.600,3.000,1.000000,-1.2088,0.3330,1498.1000,-412.5273
3.400,3.000,1.000000,-1.2372,0.3383,1568.7923,-428.8958
3.200,3.000,1.000000,-1.2650,0.3431,1640.0482,-444.6130
3.000,3.000,1.000000,-1.2930,0.3490,1713.4781,-462.2822
2.800,3.000,1.000000,-1.3282,0.3489,1807.7766,-474.6107
2.600,3.000,1.000000,-1.3605,0.3499,1896.5203,-487.5148
2.400,3.000,1.000000,-1.3985,0.3511,2003.7236,-502.7232
2.200,3.000,1.000000,-1.4375,0.3468,2117.2550,-510.4484
2.000,3.000,1.000000,-1.4828,0.3417,2252.4749,-518.6768
4.000,2.800,1.000000,-1.0725,0.3023,1179.8750,-332.4623
3.800,2.800,1.000000,-1.1007,0.3063,1242.3875,-345.5084
3.600,2.800,1.000000,-1.1333,0.3105,1317.0742,-360.6954
3.400,2.800,1.000000,-1.1575,0.3138,1373.7640,-372.2474
3.200,2.800,1.000000,-1.1827,0.3181,1433.8538,-385.3464
3.000,2.800,1.000000,-1.2129,0.3204,1507.9377,-398.0720
2.800,2.800,1.000000,-1.2613,0.3209,1630.4643,-414.5259
2.600,2.800,1.000000,-1.2934,0.3227,1714.2666,-427.4701
2.400,2.800,1.000000,-1.3397,0.3193,1839.1960,-438.0142
2.200,2.800,1.000000,-1.3843,0.3148,1963.2928,-446.1556
2.000,2.800,1.000000,-1.4394,0.3058,2122.6318,-450.4826
4.000,2.600,1.000000,-0.9984,0.2801,1022.4728,-286.5348
3.800,2.600,1.000000,-1.0301,0.2845,1088.5823,-300.3259
3.600,2.600,1.000000,-1.0525,0.2863,1136.1865,-308.8074
3.400,2.600,1.000000,-1.0855,0.2894,1208.3424,-321.9549
3.200,2.600,1.000000,-1.1161,0.2938,1277.4172,-335.8701
3.000,2.600,1.000000,-1.1539,0.2957,1365.0981,-349.4532
2.800,2.600,1.000000,-1.1979,0.2949,1471.2076,-361.7432
2.600,2.600,1.000000,-1.2310,0.2959,1553.2374,-372.8787
2.400,2.600,1.000000,-1.2812,0.2918,1682.3888,-382.7561
2.200,2.600,1.000000,-1.3384,0.2848,1835.9935,-390.0758
2.000,2.600,1.000000,-1.4018,0.2734,2013.9290,-392.1705
4.000,2.400,1.000000,-0.9347,0.2595,896.6160,-248.6523
3.800,2.400,1.000000,-0.9586,0.2617,942.9851,-257.1875
3.600,2.400,1.000000,-0.9910,0.2630,1007.7622,-267.0402
3.400,2.400,1.000000,-1.0187,0.2662,1064.4277,-277.7562
3.200,2.400,1.000000,-1.0553,0.2691,1142.1958,-290.8770
3.000,2.400,1.000000,-1.0962,0.2699,1232.2691,-302.9077
2.800,2.400,1.000000,-1.1396,0.2697,1331.5369,-314.6126
2.600,2.400,1.000000,-1.1831,0.2677,1435.0268,-324.1766
2.400,2.400,1.000000,-1.2461,0.2623,1592.0350,-334.4921
2.200,2.400,1.000000,-1.3081,0.2538,1754.1267,-339.6921
2.000,2.400,1.000000,-1.4061,0.2353,2026.4547,-338.4820
4.000,2.200,1.000000,-0.8731,0.2365,782.9201,-211.7623
3.800,2.200,1.000000,-0.8974,0.2375,826.7289,-218.4605
3.600,2.200,1.000000,-0.9292,0.2433,886.1009,-231.5988
3.400,2.200,1.000000,-0.9595,0.2442,944.8196,-240.0798
3.200,2.200,1.000000,-0.9957,0.2452,1017.2207,-250.0342
3.000,2.200,1.000000,-1.0394,0.2471,1108.3636,-262.9316
2.800,2.200,1.000000,-1.0904,0.2442,1219.1292,-272.5411
2.600,2.200,1.000000,-1.1412,0.2406,1335.8101,-281.0392
2.400,2.200,1.000000,-1.2034,0.2369,1485.1474,-291.7071
2.200,2.200,1.000000,-1.2825,0.2263,1686.3347,-296.8002
2.000,2.200,1.000000,-1.3920,0.2072,1986.3110,-294.8108
2.000,3.800,1.000000,-1.7971,0.4807,3307.4033,-884.5949
2.200,3.800,1.000000,-1.7735,0.4754,3221.4222,-863.5628
2.400,3.800,1.000000,-1.7481,0.4701,3129.8792,-841.6573
2.600,3.800,1.000000,-1.7215,0.4630,3035.5932,-816.4908
2.800,3.800,1.000000,-1.6975,0.4555,2951.7279,-792.0676
3.000,3.800,1.000000,-1.6715,0.4492,2861.8862,-769.0923
3.200,3.800,1.000000,-1.6488,0.4415,2785.0820,-745.8320
3.400,3.800,1.000000,-1.6193,0.4343,2686.3189,-720.5609
3.600,3.800,1.000000,-1.5962,0.4274,2610.5246,-698.9503
3.800,3.800,1.000000,-1.5677,0.4191,2518.4883,-673.3016
4.000,3.800,1.000000,-1.5463,0.4121,2450.6586,-653.1834
2.000,3.600,1.000000,-1.6982,0.4460,2953.4209,-775.5843
2.200,3.600,1.000000,-1.6716,0.4447,2861.8710,-761.2037
2.400,3.600,1.000000,-1.6463,0.4384,2776.2134,-739.1440
2.600,3.600,1.000000,-1.6183,0.4337,2682.4326,-718.8246
2.800,3.600,1.000000,-1.5915,0.4296,2594.5372,-700.3083
3.000,3.600,1.000000,-1.5630,0.4220,2502.8564,-675.7284
3.200,3.600,1.000000,-1.5386,0.4172,2425.3387,-657.7037
3.400,3.600,1.000000,-1.5164,0.4102,2356.1888,-637.3346
3.600,3.600,1.000000,-1.4945,0.4034,2288.7698,-617.7919
3.800,3.600,1.000000,-1.4674,0.3990,2206.6523,-599.9249
4.000,3.600,1.000000,-1.4431,0.3909,2134.3583,-578.2611
2.000,3.400,1.000000,-1.6147,0.4076,2670.3922,-673.7997
2.200,3.400,1.000000,-1.5857,0.4086,2575.4570,-663.5319
2.400,3.400,1.000000,-1.5505,0.4099,2462.5612,-650.8313
2.600,3.400,1.000000,-1.5225,0.4080,2374.6886,-636.1968
2.800,3.400,1.000000,-1.4959,0.4016,2292.5896,-615.2613
3.000,3.400,1.000000,-1.4693,0.3971,2211.7915,-597.6719
3.200,3.400,1.000000,-1.4402,0.3916,2125.3072,-577.8365
3.400,3.400,1.000000,-1.4123,0.3861,2044.1436,-558.7040
3.600,3.400,1.000000,-1.3888,0.3800,1976.6802,-540.7523
3.800,3.400,1.000000,-1.3667,0.3748,1914.5376,-525.0082
4.000,3.400,1.000000,-1.3376,0.3695,1834.1553,-506.6016
2.000,3.200,1.000000,-1.5397,0.3770,2428.1508,-594.2386
2.200,3.200,1.000000,-1.5004,0.3783,2305.9789,-581.1258
2.400,3.200,1.000000,-1.4688,0.3781,2210.0880,-568.6685
2.600,3.200,1.000000,-1.4368,0.3787,2115.1680,-557.1838
2.800,3.200,1.000000,-1.4008,0.3764,2010.5802,-539.9815
3.000,3.200,1.000000,-1.3763,0.3720,1941.1115,-524.4856
3.200,3.200,1.000000,-1.3499,0.3673,1867.4605,-508.0332
3.400,3.200,1.000000,-1.3209,0.3630,1788.2598,-491.2633
3.600,3.200,1.000000,-1.2958,0.3569,1721.2043,-473.8598
3.800,3.200,1.000000,-1.2725,0.3501,1659.7322,-456.4761
4.000,3.200,1.000000,-1.2441,0.3468,1586.7697,-442.2630
2.900,2.200,1.000000,-1.0671,0.2451,1168.2004,-267.7502
2.900,2.400,1.000000,-1.1125,0.2716,1269.0277,-309.3308
2.900,2.600,1.000000,-1.1658,0.2949,1393.1340,-352.1724
2.900,2.800,1.000000,-1.2350,0.3210,1563.3588,-406.0496
2.900,3.000,1.000000,-1.3088,0.3460,1755.3630,-463.8215
2.900,3.200,1.000000,-1.3864,0.3731,1969.4867,-529.8919
2.900,3.400,1.000000,-1.4821,0.3993,2250.4516,-606.2653
2.900,3.600,1.000000,-1.5801,0.4260,2557.7212,-689.5978
2.900,3.800,1.000000,-1.6871,0.4533,2915.7984,-783.3255
2.700,2.200,1.000000,-1.1093,0.2456,1261.9566,-278.8598
2.700,2.400,1.000000,-1.1653,0.2681,1392.1325,-319.8942
2.700,2.600,1.000000,-1.2134,0.2952,1508.9971,-366.7086
2.700,2.800,1.000000,-1.2709,0.3230,1655.3111,-420.3269
2.700,3.000,1.000000,-1.3483,0.3480,1862.6909,-480.5369
2.700,3.200,1.000000,-1.4218,0.3767,2071.1937,-548.5946
2.700,3.400,1.000000,-1.5098,0.4033,2335.0822,-623.6775
2.700,3.600,1.000000,-1.6073,0.4323,2646.1169,-711.5924
2.700,3.800,1.000000,-1.7080,0.4594,2988.1874,-803.8709
2.500,2.200,1.000000,-1.1701,0.2392,1404.2752,-286.4390
2.500,2.400,1.000000,-1.2120,0.2660,1505.7992,-329.9922
2.500,2.600,1.000000,-1.2662,0.2912,1643.5251,-377.4648
2.500,2.800,1.000000,-1.3117,0.3229,1762.9810,-433.6239
2.500,3.000,1.000000,-1.3837,0.3500,1961.6792,-495.8230
2.500,3.200,1.000000,-1.4513,0.3768,2157.7427,-559.9912
2.500,3.400,1.000000,-1.5384,0.4092,2424.3630,-644.7222
2.500,3.600,1.000000,-1.6289,0.4371,2717.7715,-729.2547
2.500,3.800,1.000000,-1.7333,0.4645,3077.1399,-824.7023
2.300,2.200,1.000000,-1.2452,0.2318,1589.6201,-295.3943
2.300,2.400,1.000000,-1.2741,0.2611,1664.5506,-340.3314
2.300,2.600,1.000000,-1.3151,0.2857,1772.7273,-384.5314
2.300,2.800,1.000000,-1.3576,0.3193,1888.5587,-443.7068
2.300,3.000,1.000000,-1.4171,0.3473,2057.6884,-503.9606
2.300,3.200,1.000000,-1.4848,0.3792,2258.4128,-576.5459
2.300,3.400,1.000000,-1.5660,0.4103,2511.8934,-658.0187
2.300,3.600,1.000000,-1.6586,0.4425,2817.4430,-751.5958
2.300,3.800,1.000000,-1.7618,0.4732,3179.3034,-853.8507
2.100,2.200,1.000000,-1.3390,0.2169,1838.3042,-296.9594
2.100,2.400,1.000000,-1.3405,0.2510,1841.6251,-344.2607
2.100,2.600,1.000000,-1.3728,0.2794,1931.1322,-392.4963
2.100,2.800,1.000000,-1.4097,0.3101,2036.0701,-447.4301
2.100,3.000,1.000000,-1.4556,0.3439,2170.7811,-512.5652
2.100,3.200,1.000000,-1.5200,0.3777,2366.7191,-587.7813
2.100,3.400,1.000000,-1.5999,0.4104,2621.6818,-672.4426
2.100,3.600,1.000000,-1.6852,0.4443,2908.8813,-766.8404
2.100,3.800,1.000000,-1.7840,0.4767,3259.4560,-870.9705
3.900,2.200,1.000000,-0.8856,0.2389,805.1818,-216.9201
3.900,2.400,1.000000,-0.9466,0.2596,919.7685,-251.9459
3.900,2.600,1.000000,-1.0187,0.2820,1064.6312,-294.5105
3.900,2.800,1.000000,-1.0852,0.3060,1207.6191,-340.3553
3.900,3.000,1.000000,-1.1673,0.3272,1397.0979,-391.4234
3.900,3.200,1.000000,-1.2510,0.3485,1604.2315,-446.8038
3.900,3.400,1.000000,-1.3503,0.3695,1869.2027,-511.3889
3.900,3.600,1.000000,-1.4491,0.3939,2152.1369,-585.0445
3.900,3.800,1.000000,-1.5626,0.4167,2502.1784,-667.2314
3.700,2.200,1.000000,-0.9158,0.2413,860.8547,-226.4453
3.700,2.400,1.000000,-0.9760,0.2624,977.6538,-262.4285
3.700,2.600,1.000000,-1.0442,0.2855,1118.2091,-305.4911
3.700,2.800,1.000000,-1.1182,0.3095,1282.1407,-354.6022
3.700,3.000,1.000000,-1.1997,0.3321,1475.5036,-408.3109
3.700,3.200,1.000000,-1.2853,0.3560,1693.2512,-468.8538
3.700,3.400,1.000000,-1.3758,0.3772,1939.9455,-531.8470
3.700,3.600,1.000000,-1.4761,0.4000,2232.6917,-605.0740
3.700,3.800,1.000000,-1.5882,0.4233,2584.4916,-688.8415
3.500,2.200,1.000000,-0.9491,0.2430,924.1627,-236.2449
3.500,2.400,1.000000,-1.0011,0.2639,1028.1678,-270.6442
3.500,2.600,1.000000,-1.0696,0.2918,1172.9838,-319.8046
3.500,2.800,1.000000,-1.1403,0.3136,1333.4447,-366.4132
3.500,3.000,1.000000,-1.2179,0.3345,1520.5560,-417.4784
3.500,3.200,1.000000,-1.3070,0.3598,1750.8919,-481.8364
3.500,3.400,1.000000,-1.4017,0.3822,2013.3398,-548.9212
3.500,3.600,1.000000,-1.5024,0.4082,2312.8382,-628.3978
3.500,3.800,1.000000,-1.6102,0.4305,2656.5022,-710.3464
3.300,2.200,1.000000,-0.9820,0.2458,989.5735,-247.2325
3.300,2.400,1.000000,-1.0383,0.2685,1105.7744,-285.6492
3.300,2.600,1.000000,-1.1006,0.2926,1242.0273,-329.8363
3.300,2.800,1.000000,-1.1705,0.3159,1404.5128,-378.8604
3.300,3.000,1.000000,-1.2487,0.3397,1598.5296,-434.5855
3.300,3.200,1.000000,-1.3336,0.3635,1822.6751,-496.6088
3.300,3.400,1.000000,-1.4257,0.3902,2082.7643,-569.9432
3.300,3.600,1.000000,-1.5266,0.4140,2387.9573,-647.6378
3.300,3.800,1.000000,-1.6310,0.4374,2725.3284,-730.9407
3.100,2.200,1.000000,-1.0182,0.2463,1063.7788,-256.7854
3.100,2.400,1.000000,-1.0750,0.2700,1185.2885,-297.1917
3.100,2.600,1.000000,-1.1334,0.2935,1316.8583,-340.7367
3.100,2.800,1.000000,-1.2068,0.3194,1493.1954,-394.8860
3.100,3.000,1.000000,-1.2758,0.3435,1668.4191,-448.9808
3.100,3.200,1.000000,-1.3639,0.3683,1906.1922,-514.5499
3.100,3.400,1.000000,-1.4545,0.3947,2167.6302,-588.2046
3.100,3.600,1.000000,-1.5512,0.4204,2465.1498,-668.0173
3.100,3.800,1.000000,-1.6591,0.4472,2819.7630,-760.1592
1.800,2.000,1.000000,-1.6571,0.1212,2814.9239,-204.8834
1.600,2.000,1.000000,-1.7949,0.0846,3300.0934,-155.1306
1.400,2.000,1.000000,-1.8717,0.0578,3587.8111,-110.4988
1.200,2.000,1.000000,-1.9245,0.0360,3792.9015,-70.7596
1.000,2.000,1.000000,-1.9609,0.0192,3937.7298,-38.5066
1.800,1.800,1.000000,-1.7199,0.0911,3030.9145,-159.9899
1.600,1.800,1.000000,-1.8210,0.0654,3396.5346,-121.6493
1.400,1.800,1.000000,-1.8910,0.0441,3662.1785,-85.1524
1.200,1.800,1.000000,-1.9387,0.0265,3848.9112,-52.4644
1.000,1.800,1.000000,-1.9706,0.0131,3976.5336,-26.3570
1.800,1.600,1.000000,-1.7381,0.0747,3095.7688,-132.5145
1.600,1.600,1.000000,-1.8468,0.0506,3493.6331,-95.4305
1.400,1.600,1.000000,-1.9096,0.0331,3734.7545,-64.5902
1.200,1.600,1.000000,-1.9514,0.0192,3899.6542,-38.1380
1.000,1.600,0.834692,-1.9777,0.0091,4005.0806,-18.3325
1.800,1.400,1.000000,-1.7679,0.0585,3202.5419,-105.6211
1.600,1.400,1.000000,-1.8615,0.0400,3549.3995,-75.9592
1.400,1.400,1.000000,-1.9226,0.0252,3785.7420,-49.4158
1.200,1.400,1.000000,-1.9606,0.0139,3936.3099,-27.9213
1.000,1.400,0.568341,-1.9826,0.0065,4025.2367,-13.0759
1.800,1.200,1.000000,-1.7943,0.0452,3298.7807,-82.7663
1.600,1.200,1.000000,-1.8830,0.0299,3631.7037,-57.5984
1.400,1.200,1.000000,-1.9346,0.0190,3832.9272,-37.5257
1.200,1.200,0.999561,-1.9680,0.0102,3966.3034,-20.4397
1.000,1.200,0.386737,-1.9863,0.0047,4040.0261,-9.4556
1.800,1.000,1.000000,-1.8106,0.0347,3358.7515,-64.2033
1.600,1.000,1.000000,-1.8945,0.0230,3675.8855,-44.5153
1.400,1.000,1.000000,-1.9447,0.0139,3872.9341,-27.5430
1.200,1.000,0.756555,-1.9736,0.0074,3988.6720,-14.9872
1.000,1.000,0.263416,-1.9889,0.0034,4050.6141,-6.8774
1.800,0.800,1.000000,-1.8258,0.0260,3415.1050,-48.5147
1.600,0.800,1.000000,-1.9042,0.0170,3713.6880,-32.9511
1.400,0.800,1.000000,-1.9517,0.0102,3901.0276,-20.2650
1.200,0.800,0.569690,-1.9776,0.0054,4005.1755,-10.9216
1.000,0.800,0.183612,-1.9905,0.0026,4057.2618,-5.1667
1.800,0.600,1.000000,-1.8387,0.0185,3463.5339,-34.6413
1.600,0.600,1.000000,-1.9132,0.0121,3748.9266,-23.6734
1.400,0.600,1.000000,-1.9568,0.0072,3921.1415,-14.3401
1.200,0.600,0.447296,-1.9802,0.0039,4015.4799,-7.8647
1.000,0.600,0.133344,-1.9916,0.0020,4061.7760,-4.0639
1.800,0.400,1.000000,-1.8441,0.0121,3484.0996,-22.7803
1.600,0.400,1.000000,-1.9173,0.0080,3764.8630,-15.7499
1.400,0.400,0.986291,-1.9595,0.0049,3931.9751,-9.8727
1.200,0.400,0.366229,-1.9821,0.0029,4022.9871,-5.7551
1.000,0.400,0.096423,-1.9924,0.0016,4064.8580,-3.2902
1.800,0.200,1.000000,-1.8514,0.0075,3511.3297,-14.1792
1.600,0.200,1.000000,-1.9203,0.0053,3776.5858,-10.4058
1.400,0.200,0.892310,-1.9620,0.0035,3942.0580,-7.0530
1.200,0.200,0.314429,-1.9834,0.0022,4028.4779,-4.4791
1.000,0.200,0.082318,-1.9924,0.0014,4064.8792,-2.8890
1.800,0.000,1.000000,-1.8514,0.0057,3511.4170,-10.7572
1.600,0.000,1.000000,-1.9218,0.0043,3782.5991,-8.3423
1.400,0.000,0.880328,-1.9618,0.0030,3941.3566,-6.0609
1.200,0.000,0.301544,-1.9834,0.0020,4028.5878,-4.0045
1.000,0.000,0.072797,-1.9928,0.0013,4066.5898,-2.6561
1.000,3.800,1.000000,-1.8909,0.4776,3661.4589,-924.7606
1.200,3.800,1.000000,-1.8769,0.4839,3607.5574,-929.9574
1.400,3.800,1.000000,-1.8588,0.4867,3538.1880,-926.4871
1.600,3.800,1.000000,-1.8400,0.4868,3467.1705,-917.1357
1.800,3.800,1.000000,-1.8179,0.4831,3384.4019,-899.4248
1.000,3.600,1.000000,-1.8232,0.4016,3403.9889,-749.5796
1.200,3.600,1.000000,-1.7992,0.4235,3315.0045,-780.1131
1.400,3.600,1.000000,-1.7752,0.4354,3227.3517,-791.3605
1.600,3.600,1.000000,-1.7468,0.4432,3124.9784,-792.7639
1.800,3.600,1.000000,-1.7260,0.4447,3051.1637,-786.0278
1.000,3.400,1.000000,-1.7906,0.3195,3283.2765,-585.6607
1.200,3.400,1.000000,-1.7467,0.3620,3124.4708,-647.2468
1.400,3.400,1.000000,-1.7095,0.3865,2992.9502,-676.4491
1.600,3.400,1.000000,-1.6779,0.3971,2883.3349,-682.2697
1.800,3.400,1.000000,-1.6451,0.4070,2771.8592,-685.6009
1.000,3.200,1.000000,-1.8410,0.1907,3470.7116,-359.0898
1.200,3.200,1.000000,-1.7276,0.2954,3056.6510,-522.3996
1.400,3.200,1.000000,-1.6670,0.3340,2846.2845,-569.7658
1.600,3.200,1.000000,-1.6248,0.3518,2703.9044,-585.0768
1.800,3.200,1.000000,-1.5785,0.3684,2552.1762,-595.3020
1.000,3.000,1.000000,-1.8670,0.1292,3569.3788,-246.7915
1.200,3.000,1.000000,-1.7964,0.1870,3305.0556,-343.3918
1.400,3.000,1.000000,-1.6915,0.2563,2930.9294,-443.4056
1.600,3.000,1.000000,-1.5937,0.3072,2601.5396,-500.9932
1.800,3.000,1.000000,-1.5293,0.3312,2395.7497,-518.4954
1.000,2.800,1.000000,-1.8938,0.0868,3672.6499,-168.0983
1.200,2.800,1.000000,-1.8300,0.1329,3429.9841,-248.6317
1.400,2.800,1.000000,-1.7415,0.1860,3106.9621,-331.0797
1.600,2.800,1.000000,-1.5847,0.2620,2572.5367,-424.5894
1.800,2.800,1.000000,-1.4867,0.2970,2264.4953,-451.8532
1.000,2.600,1.000000,-1.9147,0.0598,3754.3633,-117.1024
1.200,2.600,1.000000,-1.8599,0.0952,3542.4622,-180.9510
1.400,2.600,1.000000,-1.7855,0.1363,3265.4194,-248.6838
1.600,2.600,1.000000,-1.6636,0.1903,2835.9842,-323.3835
1.800,2.600,1.000000,-1.4895,0.2521,2273.1679,-384.0748
1.000,2.400,1.000000,-1.9345,0.0404,3832.6071,-79.8710
1.200,2.400,1.000000,-1.8859,0.0682,3642.5340,-131.5168
1.400,2.400,1.000000,-1.8199,0.1013,3392.3630,-188.4705
1.600,2.400,1.000000,-1.7172,0.1435,3021.0327,-251.6956
1.800,2.400,1.000000,-1.5028,0.2117,2314.9839,-325.1161
1.000,2.200,1.000000,-1.9493,0.0277,3891.0905,-55.2958
1.200,2.200,1.000000,-1.9056,0.0503,3718.6508,-97.9546
1.400,2.200,1.000000,-1.8472,0.0769,3494.6811,-145.1163
1.600,2.200,1.000000,-1.7619,0.1087,3180.1759,-195.6266
1.800,2.200,1.000000,-1.5559,0.1675,2482.0767,-266.0235
1.900,0.000,1.000000,-1.8059,0.0062,3341.3142,-11.4511
1.900,0.200,1.000000,-1.7984,0.0089,3313.7295,-16.2811
1.900,0.400,1.000000,-1.7974,0.0145,3310.2394,-26.5887
1.900,0.600,1.000000,-1.7847,0.0224,3264.0030,-40.8694
1.900,0.800,1.000000,-1.7746,0.0310,3226.8957,-56.1923
1.900,1.000,1.000000,-1.7495,0.0421,3136.6368,-75.1378
1.900,1.200,1.000000,-1.7339,0.0537,3081.0587,-94.9753
1.900,1.400,1.000000,-1.7101,0.0682,2996.9815,-119.1055
1.900,1.600,1.000000,-1.6690,0.0879,2855.5503,-149.6606
1.900,1.800,1.000000,-1.6375,0.1088,2748.3726,-181.8314
1.900,2.000,1.000000,-1.5594,0.1437,2495.2506,-228.3980
1.900,2.200,1.000000,-1.4815,0.1870,2250.0313,-282.9950
1.900,2.400,1.000000,-1.4548,0.2235,2168.9359,-332.4990
1.900,2.600,1.000000,-1.4456,0.2636,2141.4752,-389.8308
1.900,2.800,1.000000,-1.4721,0.2984,2220.1488,-449.5241
1.900,3.000,1.000000,-1.5032,0.3375,2314.6679,-519.2073
1.900,3.200,1.000000,-1.5595,0.3734,2491.0566,-596.1390
1.900,3.400,1.000000,-1.6285,0.4092,2716.3602,-682.3269
1.900,3.600,1.000000,-1.7111,0.4461,2998.5304,-781.5550
1.900,3.800,1.000000,-1.8093,0.4809,3352.3579,-891.0408
1.700,0.000,1.000000,-1.8908,0.0049,3661.8951,-9.4690
1.700,0.200,1.000000,-1.8906,0.0063,3661.1559,-12.1415
1.700,0.400,1.000000,-1.8857,0.0101,3642.2159,-19.3903
1.700,0.600,1.000000,-1.8790,0.0151,3616.5945,-28.9583
1.700,0.800,1.000000,-1.8714,0.0211,3587.2773,-40.3295
1.700,1.000,1.000000,-1.8567,0.0287,3531.1268,-54.3052
1.700,1.200,1.000000,-1.8405,0.0374,3469.8821,-70.3461
1.700,1.400,1.000000,-1.8228,0.0483,3403.6789,-89.9492
1.700,1.600,1.000000,-1.7985,0.0620,3313.7455,-113.8137
1.700,1.800,1.000000,-1.7756,0.0784,3229.9803,-142.1307
1.700,2.000,1.000000,-1.7424,0.0997,3110.5064,-177.3723
1.700,2.200,1.000000,-1.6905,0.1310,2928.6584,-226.1968
1.700,2.400,1.000000,-1.5792,0.1891,2557.7077,-304.4671
1.700,2.600,1.000000,-1.5478,0.2339,2455.3215,-369.9378
1.700,2.800,1.000000,-1.5361,0.2807,2417.5484,-441.1047
1.700,3.000,1.000000,-1.5586,0.3204,2488.2653,-511.1320
1.700,3.200,1.000000,-1.6029,0.3624,2631.4940,-594.6572
1.700,3.400,1.000000,-1.6592,0.4053,2819.3838,-688.5410
1.700,3.600,1.000000,-1.7363,0.4462,3087.4423,-793.3690
1.700,3.800,1.000000,-1.8297,0.4852,3428.3074,-909.0270
1.500,0.000,1.000000,-1.9448,0.0036,3873.6190,-7.2120
1.500,0.200,1.000000,-1.9440,0.0044,3870.2504,-8.6622
1.500,0.400,1.000000,-1.9416,0.0064,3860.6561,-12.7586
1.500,0.600,1.000000,-1.9372,0.0094,3843.3513,-18.6238
1.500,0.800,1.000000,-1.9309,0.0133,3818.5623,-26.2000
1.500,1.000,1.000000,-1.9222,0.0182,3783.9407,-35.6362
1.500,1.200,1.000000,-1.9113,0.0241,3741.2065,-47.0308
1.500,1.400,1.000000,-1.8966,0.0319,3684.2732,-61.8803
1.500,1.600,1.000000,-1.8798,0.0417,3619.1513,-80.1138
1.500,1.800,1.000000,-1.8599,0.0543,3543.1019,-103.1158
1.500,2.000,1.000000,-1.8346,0.0712,3447.4362,-133.4983
1.500,2.200,1.000000,-1.8059,0.0928,3340.4294,-171.1954
1.500,2.400,1.000000,-1.7745,0.1210,3225.6222,-219.4710
1.500,2.600,1.000000,-1.7192,0.1662,3028.1064,-291.7606
1.500,2.800,1.000000,-1.6556,0.2290,2809.2471,-387.1703
1.500,3.000,1.000000,-1.6237,0.2952,2700.6064,-490.4833
1.500,3.200,1.000000,-1.6496,0.3432,2786.9261,-579.3480
1.500,3.400,1.000000,-1.6941,0.3927,2939.1116,-681.1482
1.500,3.600,1.000000,-1.7607,0.4408,3174.6500,-794.7399
1.500,3.800,1.000000,-1.8491,0.4868,3501.5328,-921.7819
1.300,0.000,0.527032,-1.9748,0.0025,3993.5594,-5.0088
1.300,0.200,0.546021,-1.9747,0.0027,3993.1774,-5.5534
1.300,0.400,0.615063,-1.9728,0.0038,3985.5426,-7.6509
1.300,0.600,0.729993,-1.9705,0.0054,3976.2049,-10.8043
1.300,0.800,0.917493,-1.9660,0.0076,3958.5476,-15.2278
1.300,1.000,1.000000,-1.9611,0.0103,3938.4449,-20.6838
1.300,1.200,1.000000,-1.9538,0.0141,3909.1969,-28.0948
1.300,1.400,1.000000,-1.9436,0.0191,3868.8059,-37.9960
1.300,1.600,1.000000,-1.9332,0.0253,3827.6015,-49.9957
1.300,1.800,1.000000,-1.9182,0.0343,3768.3026,-67.1562
1.300,2.000,1.000000,-1.8995,0.0468,3695.0310,-90.8461
1.300,2.200,1.000000,-1.8796,0.0625,3618.3720,-120.1208
1.300,2.400,1.000000,-1.8562,0.0840,3528.6631,-159.3114
1.300,2.600,1.000000,-1.8270,0.1144,3418.5840,-213.7598
1.300,2.800,1.000000,-1.7958,0.1549,3302.8190,-284.4422
1.300,3.000,1.000000,-1.7398,0.2268,3100.3892,-403.4988
1.300,3.200,1.000000,-1.7057,0.3100,2979.8371,-541.1542
1.300,3.400,1.000000,-1.7295,0.3760,3063.1981,-665.6804
1.300,3.600,1.000000,-1.7874,0.4310,3271.7802,-788.7526
1.300,3.800,1.000000,-1.8684,0.4845,3574.7491,-926.9955
1.100,0.000,0.156439,-1.9893,0.0016,4052.3658,-3.2230
1.100,0.200,0.164648,-1.9892,0.0017,4052.0350,-3.4877
1.100,0.400,0.196576,-1.9885,0.0021,4049.2753,-4.3122
1.100,0.600,0.249628,-1.9873,0.0027,4044.0309,-5.5622
1.100,0.800,0.337140,-1.9854,0.0037,4036.6696,-7.4964
1.100,1.000,0.469080,-1.9824,0.0052,4024.5160,-10.4400
1.100,1.200,0.650433,-1.9787,0.0070,4009.6540,-14.1156
1.100,1.400,0.925665,-1.9731,0.0098,3986.8898,-19.6868
1.100,1.600,1.000000,-1.9658,0.0137,3957.4749,-27.4120
1.100,1.800,1.000000,-1.9566,0.0191,3920.4825,-38.2048
1.100,2.000,1.000000,-1.9447,0.0270,3872.7099,-53.5940
1.100,2.200,1.000000,-1.9300,0.0380,3814.4493,-74.8884
1.100,2.400,1.000000,-1.9110,0.0542,3740.0882,-105.8240
1.100,2.600,1.000000,-1.8911,0.0758,3662.4823,-146.6122
1.100,2.800,1.000000,-1.8642,0.1091,3559.1776,-207.9365
1.100,3.000,1.000000,-1.8369,0.1555,3455.4494,-292.1597
1.100,3.200,1.000000,-1.7925,0.2380,3290.6235,-436.3154
1.100,3.400,1.000000,-1.7660,0.3474,3193.7906,-627.9899
1.100,3.600,1.000000,-1.8104,0.4155,3356.2843,-770.1178
1.100,3.800,1.000000,-1.8853,0.4803,3639.7982,-927.1231
4.000,5.000,1.000000,-2.3379,0.5435,5599.4137,-1302.0936
3.800,5.000,1.000000,-2.3649,0.5523,5729.5452,-1338.3002
3.600,5.000,1.000000,-2.3982,0.5657,5891.7560,-1389.9233
3.400,5.000,1.000000,-2.4294,0.5774,6045.4167,-1437.0354
3.200,5.000,1.000000,-2.4605,0.5895,6200.7280,-1485.8162
3.000,5.000,1.000000,-2.4926,0.6033,6363.6219,-1540.4997
2.800,5.000,1.000000,-2.5221,0.6164,6515.0241,-1592.5289
2.600,5.000,1.000000,-2.5519,0.6304,6669.4078,-1647.7118
2.400,5.000,1.000000,-2.5887,0.6495,6863.0760,-1722.3008
2.200,5.000,1.000000,-2.6171,0.6651,7014.3703,-1782.7864
2.000,5.000,1.000000,-2.6470,0.6825,7175.2687,-1850.2332
4.000,4.800,1.000000,-2.1924,0.5223,4924.2255,-1173.4932
3.800,4.800,1.000000,-2.2185,0.5319,5042.0829,-1209.0156
3.600,4.800,1.000000,-2.2432,0.5411,5154.3346,-1243.6224
3.400,4.800,1.000000,-2.2748,0.5538,5300.3999,-1290.5332
3.200,4.800,1.000000,-2.3043,0.5646,5438.8820,-1332.9380
3.000,4.800,1.000000,-2.3370,0.5792,5594.0622,-1386.6491
2.800,4.800,1.000000,-2.3629,0.5904,5718.6205,-1428.9509
2.600,4.800,1.000000,-2.3935,0.6051,5867.2074,-1483.5305
2.400,4.800,1.000000,-2.4201,0.6186,5998.4337,-1533.4903
2.200,4.800,1.000000,-2.4501,0.6352,6147.5956,-1593.9395
2.000,4.800,1.000000,-2.4772,0.6511,6284.3825,-1652.1005
4.000,4.600,1.000000,-2.0427,0.4977,4274.8793,-1041.7282
3.800,4.600,1.000000,-2.0752,0.5100,4412.0053,-1084.4165
3.600,4.600,1.000000,-2.1043,0.5196,4536.1986,-1120.2312
3.400,4.600,1.000000,-2.1303,0.5298,4648.3735,-1156.3360
3.200,4.600,1.000000,-2.1604,0.5415,4780.8389,-1198.5411
3.000,4.600,1.000000,-2.1835,0.5529,4883.4470,-1236.7596
2.800,4.600,1.000000,-2.2128,0.5631,5014.7653,-1276.3627
2.600,4.600,1.000000,-2.2387,0.5759,5132.9256,-1320.6726
2.400,4.600,1.000000,-2.2659,0.5894,5258.4498,-1367.8726
2.200,4.600,1.000000,-2.2925,0.6036,5382.2228,-1417.3240
2.000,4.600,1.000000,-2.3176,0.6185,5500.6008,-1468.1213
4.000,4.400,1.000000,-1.9181,0.4799,3769.1776,-943.2709
3.800,4.400,1.000000,-1.9406,0.4873,3858.5038,-968.9122
3.600,4.400,1.000000,-1.9643,0.4966,3952.8825,-999.4514
3.400,4.400,1.000000,-1.9905,0.5068,4058.6741,-1033.6213
3.200,4.400,1.000000,-2.0179,0.5165,4171.2682,-1067.8778
3.000,4.400,1.000000,-2.0423,0.5262,4272.4580,-1100.8365
2.800,4.400,1.000000,-2.0680,0.5364,4380.5366,-1136.3023
2.600,4.400,1.000000,-2.0974,0.5493,4505.4212,-1180.1723
2.400,4.400,1.000000,-2.1215,0.5586,4609.5673,-1213.7555
2.200,4.400,1.000000,-2.1441,0.5714,4707.8962,-1254.7198
2.000,4.400,1.000000,-2.1681,0.5833,4813.8964,-1295.2569
4.000,4.200,1.000000,-1.7867,0.4577,3270.9364,-837.9499
3.800,4.200,1.000000,-1.8077,0.4638,3348.1549,-859.1425
3.600,4.200,1.000000,-1.8383,0.4766,3462.1822,-897.8617
3.400,4.200,1.000000,-1.8602,0.4826,3544.7912,-919.8699
3.200,4.200,1.000000,-1.8864,0.4920,3645.3178,-950.9742
3.000,4.200,1.000000,-1.9154,0.5031,3757.6679,-987.2358
2.800,4.200,1.000000,-1.9395,0.5109,3853.1247,-1014.9976
2.600,4.200,1.000000,-1.9631,0.5192,3946.9717,-1044.1122
2.400,4.200,1.000000,-1.9866,0.5304,4041.8369,-1079.2356
2.200,4.200,1.000000,-2.0088,0.5401,4132.6223,-1111.1762
2.000,4.200,1.000000,-2.0327,0.5493,4231.4270,-1143.4703
4.000,4.000,1.000000,-1.6680,0.4355,2851.0185,-744.5197
3.800,4.000,1.000000,-1.6894,0.4444,2924.3951,-769.3275
3.600,4.000,1.000000,-1.7106,0.4511,2998.1584,-790.7627
3.400,4.000,1.000000,-1.7380,0.4585,3094.7540,-816.5220
3.200,4.000,1.000000,-1.7639,0.4670,3187.1791,-843.8501
3.000,4.000,1.000000,-1.7869,0.4749,3270.9191,-869.3887
2.800,4.000,1.000000,-1.8127,0.4835,3365.8196,-897.8969
2.600,4.000,1.000000,-1.8391,0.4919,3464.4119,-926.7264
2.400,4.000,1.000000,-1.8632,0.5002,3555.5138,-954.6047
2.200,4.000,1.000000,-1.8834,0.5073,3632.7522,-978.5989
2.000,4.000,1.000000,-1.9067,0.5160,3723.1213,-1007.5742
2.000,6.000,1.000000,-3.6390,0.8245,13561.3054,-3072.8236
2.200,6.000,1.000000,-3.5824,0.7990,13143.0828,-2931.7008
2.400,6.000,1.000000,-3.5321,0.7773,12776.5815,-2812.0119
2.600,6.000,1.000000,-3.4832,0.7569,12425.2678,-2700.3604
2.800,6.000,1.000000,-3.4350,0.7377,12084.5894,-2595.7061
3.000,6.000,1.000000,-3.3883,0.7194,11758.8339,-2496.7947
3.200,6.000,1.000000,-3.3395,0.7017,11422.3879,-2400.2917
3.400,6.000,1.000000,-3.3010,0.6877,11160.8972,-2325.4117
3.600,6.000,1.000000,-3.2585,0.6731,10875.4643,-2247.0411
3.800,6.000,1.000000,-3.2126,0.6578,10571.8188,-2164.8384
4.000,6.000,1.000000,-3.1681,0.6433,10280.9503,-2087.9838
2.000,5.800,1.000000,-3.4285,0.8006,12037.7082,-2811.3025
2.200,5.800,1.000000,-3.3768,0.7757,11677.8549,-2682.7105
2.400,5.800,1.000000,-3.3262,0.7522,11330.5147,-2562.7589
2.600,5.800,1.000000,-3.2852,0.7346,11053.4653,-2472.0322
2.800,5.800,1.000000,-3.2374,0.7148,10733.8706,-2370.3222
3.000,5.800,1.000000,-3.1898,0.6952,10420.7245,-2271.5681
3.200,5.800,1.000000,-3.1570,0.6831,10208.3912,-2209.0753
3.400,5.800,1.000000,-3.1099,0.6648,9906.2164,-2117.9321
3.600,5.800,1.000000,-3.0728,0.6519,9671.3599,-2052.1422
3.800,5.800,1.000000,-3.0342,0.6382,9430.2384,-1984.0462
4.000,5.800,1.000000,-2.9992,0.6270,9214.3342,-1926.8048
2.000,5.600,1.000000,-3.2203,0.7730,10619.9543,-2549.4453
2.200,5.600,1.000000,-3.1760,0.7505,10330.0414,-2441.3469
2.400,5.600,1.000000,-3.1326,0.7292,10049.8730,-2339.7999
2.600,5.600,1.000000,-3.0893,0.7093,9773.9146,-2244.4385
2.800,5.600,1.000000,-3.0508,0.6924,9532.5640,-2163.7535
3.000,5.600,1.000000,-3.0099,0.6750,9278.4594,-2081.2885
3.200,5.600,1.000000,-2.9735,0.6611,9055.8993,-2013.7926
3.400,5.600,1.000000,-2.9318,0.6447,8803.9518,-1936.4370
3.600,5.600,1.000000,-2.8937,0.6308,8576.7901,-1870.0285
3.800,5.600,1.000000,-2.8606,0.6190,8381.9505,-1814.1889
4.000,5.600,1.000000,-2.8234,0.6063,8165.5825,-1753.7408
2.000,5.400,1.000000,-3.0207,0.7446,9344.5130,-2303.5726
2.200,5.400,1.000000,-2.9819,0.7236,9105.7734,-2209.9492
2.400,5.400,1.000000,-2.9440,0.7040,8876.3329,-2122.9491
2.600,5.400,1.000000,-2.9022,0.6839,8626.5769,-2032.9961
2.800,5.400,1.000000,-2.8689,0.6688,8429.5906,-1965.3825
3.000,5.400,1.000000,-2.8315,0.6518,8211.2564,-1890.6391
3.200,5.400,1.000000,-2.7940,0.6362,7995.5066,-1821.0164
3.400,5.400,1.000000,-2.7590,0.6233,7796.7021,-1761.7684
3.600,5.400,1.000000,-2.7210,0.6093,7583.6495,-1698.4548
3.800,5.400,1.000000,-2.6918,0.5985,7422.1192,-1650.5935
4.000,5.400,1.000000,-2.6562,0.5863,7227.6634,-1595.7045
2.000,5.200,1.000000,-2.8289,0.7143,8195.2353,-2069.6365
2.200,5.200,1.000000,-2.7956,0.6950,8004.0558,-1990.0619
2.400,5.200,1.000000,-2.7596,0.6758,7799.1582,-1910.2207
2.600,5.200,1.000000,-2.7262,0.6589,7611.5354,-1839.9006
2.800,5.200,1.000000,-2.6906,0.6422,7414.2810,-1770.0401
3.000,5.200,1.000000,-2.6561,0.6274,7225.6455,-1706.9728
3.200,5.200,1.000000,-2.6234,0.6129,7049.1893,-1647.3280
3.400,5.200,1.000000,-2.5899,0.6002,6870.5851,-1592.5182
3.600,5.200,1.000000,-2.5602,0.5884,6713.7788,-1543.3757
3.800,5.200,1.000000,-2.5255,0.5753,6533.7580,-1488.7386
4.000,5.200,1.000000,-2.4957,0.5661,6380.7480,-1447.5657
2.000,7.000,1.000000,-4.7484,0.9168,23090.4880,-4458.2722
2.200,7.000,1.000000,-4.6869,0.8969,22496.3350,-4304.9136
2.400,7.000,1.000000,-4.6200,0.8755,21859.0923,-4142.6065
2.600,7.000,1.000000,-4.5539,0.8547,21238.1014,-3986.4994
2.800,7.000,1.000000,-4.4936,0.8360,20679.7515,-3847.4585
3.000,7.000,1.000000,-4.4296,0.8166,20095.0493,-3704.9655
3.200,7.000,1.000000,-4.3722,0.7996,19578.1620,-3580.7403
3.400,7.000,1.000000,-4.3114,0.7819,19037.5059,-3453.0977
3.600,7.000,1.000000,-4.2517,0.7651,18514.4954,-3331.9480
3.800,7.000,1.000000,-4.2021,0.7511,18085.6077,-3232.9914
4.000,7.000,1.000000,-4.1380,0.7335,17538.8391,-3109.2749
2.000,6.800,1.000000,-4.5260,0.9032,20977.3134,-4186.2310
2.200,6.800,1.000000,-4.4619,0.8810,20387.9761,-4025.8769
2.400,6.800,1.000000,-4.3962,0.8588,19792.2162,-3866.7748
2.600,6.800,1.000000,-4.3349,0.8383,19244.3147,-3721.8444
2.800,6.800,1.000000,-4.2703,0.8172,18675.8191,-3574.2922
3.000,6.800,1.000000,-4.2131,0.7992,18178.7095,-3448.8968
3.200,6.800,1.000000,-4.1570,0.7819,17697.7828,-3329.0664
3.400,6.800,1.000000,-4.0991,0.7639,17208.5734,-3207.3098
3.600,6.800,1.000000,-4.0451,0.7479,16759.0997,-3099.0579
3.800,6.800,1.000000,-3.9902,0.7323,16307.6018,-2993.0673
4.000,6.800,1.000000,-3.9357,0.7165,15865.4161,-2888.5881
2.000,6.600,1.000000,-4.3008,0.8863,18941.8071,-3903.9150
2.200,6.600,1.000000,-4.2390,0.8638,18402.0023,-3749.9626
2.400,6.600,1.000000,-4.1746,0.8405,17847.8510,-3593.7611
2.600,6.600,1.000000,-4.1142,0.8196,17335.0664,-3453.5126
2.800,6.600,1.000000,-4.0531,0.7985,16824.4623,-3314.7526
3.000,6.600,1.000000,-4.0037,0.7817,16416.5665,-3205.7528
3.200,6.600,1.000000,-3.9437,0.7623,15928.9512,-3079.4439
3.400,6.600,1.000000,-3.8921,0.7461,15515.4309,-2974.5108
3.600,6.600,1.000000,-3.8378,0.7297,15085.9878,-2868.5903
3.800,6.600,1.000000,-3.7882,0.7143,14698.4625,-2771.9603
4.000,6.600,1.000000,-3.7378,0.6989,14310.1785,-2676.2872
2.000,6.400,1.000000,-4.0765,0.8674,17018.0698,-3621.1982
2.200,6.400,1.000000,-4.0151,0.8435,16509.3380,-3468.4298
2.400,6.400,1.000000,-3.9567,0.8214,16033.1229,-3328.5660
2.600,6.400,1.000000,-3.9009,0.8004,15584.6494,-3197.8794
2.800,6.400,1.000000,-3.8491,0.7817,15173.1075,-3081.7759
3.000,6.400,1.000000,-3.7942,0.7625,14743.4472,-2963.1845
3.200,6.400,1.000000,-3.7423,0.7445,14343.1342,-2853.6345
3.400,6.400,1.000000,-3.6940,0.7287,13975.6025,-2757.2348
3.600,6.400,1.000000,-3.6443,0.7126,13602.7634,-2660.2339
3.800,6.400,1.000000,-3.5904,0.6955,13204.0800,-2558.0602
4.000,6.400,1.000000,-3.5523,0.6841,12925.5139,-2489.7225
2.000,6.200,1.000000,-3.8555,0.8468,15223.1589,-3343.9442
2.200,6.200,1.000000,-3.7967,0.8224,14762.8180,-3197.8843
2.400,6.200,1.000000,-3.7418,0.7999,14338.3044,-3065.5018
2.600,6.200,1.000000,-3.6853,0.7776,13908.9061,-2935.0508
2.800,6.200,1.000000,-3.6368,0.7593,13545.6734,-2828.3750
3.000,6.200,1.000000,-3.5872,0.7407,13179.5386,-2721.8744
3.200,6.200,1.000000,-3.5403,0.7241,12837.0805,-2626.0685
3.400,6.200,1.000000,-3.4889,0.7066,12467.2845,-2525.2645
3.600,6.200,1.000000,-3.4496,0.6932,12187.9206,-2449.7476
3.800,6.200,1.000000,-3.4012,0.6780,11849.2126,-2362.3257
4.000,6.200,1.000000,-3.3559,0.6636,11536.5822,-2281.8008
2.000,8.000,1.000000,-5.8589,0.9648,35151.4087,-5788.5455
2.200,8.000,1.000000,-5.8052,0.9515,34511.0654,-5656.6089
2.400,8.000,1.000000,-5.7453,0.9368,33803.1558,-5511.6272
2.600,8.000,1.000000,-5.6813,0.9210,33054.9351,-5358.8922
2.800,8.000,1.000000,-5.6151,0.9050,32289.6679,-5204.0470
3.000,8.000,1.000000,-5.5486,0.8889,31528.9949,-5051.2705
3.200,8.000,1.000000,-5.4799,0.8726,30753.1057,-4897.1110
3.400,8.000,1.000000,-5.4142,0.8570,30021.5489,-4752.1350
3.600,8.000,1.000000,-5.3449,0.8409,29258.1642,-4603.6564
3.800,8.000,1.000000,-5.2799,0.8259,28552.2025,-4466.6279
4.000,8.000,1.000000,-5.2186,0.8120,27892.5313,-4340.1578
2.000,7.800,1.000000,-5.6415,0.9584,32590.9490,-5536.8962
2.200,7.800,1.000000,-5.5840,0.9434,31930.3120,-5394.8981
2.400,7.800,1.000000,-5.5197,0.9268,31200.1349,-5238.7204
2.600,7.800,1.000000,-5.4556,0.9104,30480.6471,-5086.4529
2.800,7.800,1.000000,-5.3887,0.8933,29737.3943,-4930.0800
3.000,7.800,1.000000,-5.3207,0.8762,28992.3822,-4774.8420
3.200,7.800,1.000000,-5.2545,0.8596,28274.9735,-4626.0789
3.400,7.800,1.000000,-5.1902,0.8439,27587.5266,-4486.0243
3.600,7.800,1.000000,-5.1254,0.8280,26904.1609,-4346.7632
3.800,7.800,1.000000,-5.0599,0.8127,26221.9797,-4211.8341
4.000,7.800,1.000000,-4.9890,0.7956,25492.5221,-4065.7852
2.000,7.600,1.000000,-5.4205,0.9503,30087.6251,-5275.1637
2.200,7.600,1.000000,-5.3597,0.9337,29417.8762,-5124.9020
2.400,7.600,1.000000,-5.2961,0.9164,28723.5063,-4970.1830
2.600,7.600,1.000000,-5.2299,0.8985,28010.2733,-4812.6190
2.800,7.600,1.000000,-5.1628,0.8806,27296.3370,-4656.0865
3.000,7.600,1.000000,-5.0988,0.8638,26624.8118,-4511.0672
3.200,7.600,1.000000,-5.0308,0.8460,25919.1611,-4359.3280
3.400,7.600,1.000000,-4.9685,0.8302,25281.6992,-4224.5512
3.600,7.600,1.000000,-4.9009,0.8131,24599.2876,-4081.6800
3.800,7.600,1.000000,-4.8359,0.7967,23951.5892,-3946.4758
4.000,7.600,1.000000,-4.7760,0.7823,23362.3684,-3827.2671
2.000,7.400,1.000000,-5.1964,0.9404,27651.8253,-5004.4226
2.200,7.400,1.000000,-5.1355,0.9228,27007.4948,-4853.1975
2.400,7.400,1.000000,-5.0694,0.9039,26317.0821,-4692.6227
2.600,7.400,1.000000,-5.0029,0.8850,25632.1270,-4534.5678
2.800,7.400,1.000000,-4.9399,0.8674,24990.5077,-4388.5199
3.000,7.400,1.000000,-4.8743,0.8492,24332.0557,-4239.5909
3.200,7.400,1.000000,-4.8064,0.8308,23659.0598,-4089.8879
3.400,7.400,1.000000,-4.7469,0.8150,23077.8420,-3962.5861
3.600,7.400,1.000000,-4.6832,0.7982,22462.7777,-3828.9927
3.800,7.400,1.000000,-4.6196,0.7817,21856.7506,-3698.9113
4.000,7.400,1.000000,-4.5590,0.7664,21287.8572,-3579.0871
2.000,7.200,1.000000,-4.9738,0.9298,25333.4107,-4735.8195
2.200,7.200,1.000000,-4.9090,0.9100,24678.3868,-4574.7381
2.400,7.200,1.000000,-4.8464,0.8910,24053.3727,-4422.5199
2.600,7.200,1.000000,-4.7808,0.8714,23406.6307,-4266.5286
2.800,7.200,1.000000,-4.7157,0.8523,22774.5636,-4116.5943
3.000,7.200,1.000000,-4.6522,0.8340,22165.3595,-3974.0569
3.200,7.200,1.000000,-4.5860,0.8151,21538.9691,-3828.5313
3.400,7.200,1.000000,-4.5264,0.7984,20983.6449,-3701.7247
3.600,7.200,1.000000,-4.4663,0.7821,20430.0679,-3577.8354
3.800,7.200,1.000000,-4.4102,0.7672,19920.7835,-3465.7230
4.000,7.200,1.000000,-4.3551,0.7523,19426.4782,-3356.1651
2.500,4.000,1.000000,-1.8501,0.4972,3505.7983,-942.2461
2.500,4.200,1.000000,-1.9733,0.5244,3987.9931,-1059.8599
2.500,4.400,1.000000,-2.1080,0.5541,4551.2825,-1196.4407
2.500,4.600,1.000000,-2.2534,0.5837,5200.6432,-1347.3474
2.500,4.800,1.000000,-2.4071,0.6112,5933.8825,-1507.0041
2.500,5.000,1.000000,-2.5705,0.6390,6767.0290,-1682.6103
2.500,5.200,1.000000,-2.7400,0.6661,7688.9798,-1869.4590
2.500,5.400,1.000000,-2.9238,0.6937,8755.0567,-2077.5181
2.500,5.600,1.000000,-3.1089,0.7186,9898.7691,-2288.2240
2.500,5.800,1.000000,-3.3054,0.7435,11189.4780,-2517.1325
2.500,6.000,1.000000,-3.5053,0.7663,12584.1132,-2751.2084
2.500,6.200,1.000000,-3.7141,0.7887,14127.1074,-3000.3596
2.500,6.400,1.000000,-3.9266,0.8100,15790.3018,-3257.5313
2.500,6.600,1.000000,-4.1449,0.8301,17594.3257,-3523.9512
2.500,6.800,1.000000,-4.3657,0.8487,19518.6079,-3794.5393
2.500,7.000,1.000000,-4.5881,0.8654,21557.9281,-4066.5494
2.500,7.200,1.000000,-4.8120,0.8807,23712.9152,-4340.3733
2.500,7.400,1.000000,-5.0354,0.8942,25966.0949,-4611.3957
2.500,7.600,1.000000,-5.2613,0.9070,28347.1818,-4886.8556
2.500,7.800,1.000000,-5.4888,0.9189,30852.2800,-5165.0454
2.500,8.000,1.000000,-5.7161,0.9295,33460.1438,-5441.3429
2.300,4.000,1.000000,-1.8723,0.5037,3590.2180,-965.8682
2.300,4.200,1.000000,-1.9993,0.5357,4093.9924,-1096.9898
2.300,4.400,1.000000,-2.1336,0.5659,4662.1521,-1236.5982
2.300,4.600,1.000000,-2.2767,0.5955,5308.4639,-1388.6362
2.300,4.800,1.000000,-2.4332,0.6261,6063.1793,-1560.4724
2.300,5.000,1.000000,-2.6009,0.6552,6927.9988,-1745.4878
2.300,5.200,1.000000,-2.7768,0.6853,7896.8637,-1949.0851
2.300,5.400,1.000000,-2.9612,0.7128,8980.1849,-2161.9305
2.300,5.600,1.000000,-3.1547,0.7404,10191.7667,-2392.4404
2.300,5.800,1.000000,-3.3521,0.7642,11507.6791,-2623.7260
2.300,6.000,1.000000,-3.5593,0.7891,12974.0667,-2876.4554
2.300,6.200,1.000000,-3.7716,0.8119,14568.0972,-3136.1420
2.300,6.400,1.000000,-3.9852,0.8319,16264.8478,-3395.4010
2.300,6.600,1.000000,-4.2061,0.8520,18117.3241,-3670.0580
2.300,6.800,1.000000,-4.4262,0.8690,20063.8225,-3939.1925
2.300,7.000,1.000000,-4.6540,0.8863,22181.7440,-4224.5159
2.300,7.200,1.000000,-4.8807,0.9014,24395.1587,-4505.7066
2.300,7.400,1.000000,-5.1044,0.9139,26681.9204,-4777.2497
2.300,7.600,1.000000,-5.3275,0.9249,29065.3196,-5046.1641
2.300,7.800,1.000000,-5.5504,0.9347,31547.4445,-5312.9957
2.300,8.000,1.000000,-5.7772,0.9446,34178.8855,-5588.3868
2.100,4.000,1.000000,-1.8961,0.5102,3681.9336,-990.6709
2.100,4.200,1.000000,-2.0220,0.5458,4186.9751,-1130.3760
2.100,4.400,1.000000,-2.1574,0.5788,4766.6599,-1278.9167
2.100,4.600,1.000000,-2.3036,0.6100,5434.6758,-1439.2578
2.100,4.800,1.000000,-2.4636,0.6435,6215.3054,-1623.6440
2.100,5.000,1.000000,-2.6343,0.6755,7107.0834,-1822.7267
2.100,5.200,1.000000,-2.8136,0.7052,8107.0099,-2032.2556
2.100,5.400,1.000000,-2.9990,0.7329,9211.0800,-2251.3342
2.100,5.600,1.000000,-3.1974,0.7617,10469.7059,-2494.3043
2.100,5.800,1.000000,-3.4028,0.7882,11858.2476,-2747.0186
2.100,6.000,1.000000,-3.6117,0.8122,13359.0045,-3004.3494
2.100,6.200,1.000000,-3.8248,0.8338,14982.0046,-3266.1950
2.100,6.400,1.000000,-4.0438,0.8547,16746.4679,-3539.6142
2.100,6.600,1.000000,-4.2696,0.8749,18668.3082,-3825.7985
2.100,6.800,1.000000,-4.4917,0.8913,20660.8330,-4100.0136
2.100,7.000,1.000000,-4.7178,0.9069,22793.4918,-4381.5436
2.100,7.200,1.000000,-4.9417,0.9199,25007.5356,-4655.2877
2.100,7.400,1.000000,-5.1673,0.9320,27343.4042,-4931.9606
2.100,7.600,1.000000,-5.3915,0.9424,29767.5825,-5203.3289
2.100,7.800,1.000000,-5.6138,0.9512,32271.4238,-5468.1224
2.100,8.000,1.000000,-5.8354,0.9590,34869.9788,-5730.5977
2.900,4.000,1.000000,-1.8041,0.4801,3333.8158,-887.3040
2.900,4.200,1.000000,-1.9257,0.5068,3798.3455,-999.6363
2.900,4.400,1.000000,-2.0561,0.5323,4330.1929,-1121.1432
2.900,4.600,1.000000,-2.2034,0.5609,4972.6715,-1266.0708
2.900,4.800,1.000000,-2.3518,0.5854,5665.3079,-1410.3582
2.900,5.000,1.000000,-2.5055,0.6080,6429.4445,-1560.5795
2.900,5.200,1.000000,-2.6750,0.6349,7328.8755,-1739.8742
2.900,5.400,1.000000,-2.8487,0.6594,8311.2032,-1924.1487
2.900,5.600,1.000000,-3.0292,0.6831,9397.8360,-2119.6989
2.900,5.800,1.000000,-3.2168,0.7060,10598.1837,-2326.2734
2.900,6.000,1.000000,-3.4110,0.7284,11916.5966,-2545.0871
2.900,6.200,1.000000,-3.6106,0.7496,13351.5038,-2772.3331
2.900,6.400,1.000000,-3.8191,0.7708,14937.6413,-3015.3619
2.900,6.600,1.000000,-4.0259,0.7892,16598.9155,-3254.4613
2.900,6.800,1.000000,-4.2416,0.8082,18425.1632,-3511.2128
2.900,7.000,1.000000,-4.4603,0.8259,20374.5275,-3773.1495
2.900,7.200,1.000000,-4.6819,0.8425,22449.4109,-4040.1198
2.900,7.400,1.000000,-4.9040,0.8575,24629.3186,-4306.7757
2.900,7.600,1.000000,-5.1318,0.8725,26970.5110,-4585.5652
2.900,7.800,1.000000,-5.3588,0.8858,29408.9103,-4861.4463
2.900,8.000,1.000000,-5.5797,0.8964,31883.9490,-5122.5732
2.700,4.000,1.000000,-1.8241,0.4863,3408.1307,-908.7570
2.700,4.200,1.000000,-1.9498,0.5162,3893.9429,-1030.9939
2.700,4.400,1.000000,-2.0830,0.5426,4443.7419,-1157.7743
2.700,4.600,1.000000,-2.2271,0.5705,5079.9797,-1301.5686
2.700,4.800,1.000000,-2.3770,0.5967,5786.8093,-1452.9116
2.700,5.000,1.000000,-2.5395,0.6238,6604.6614,-1622.5575
2.700,5.200,1.000000,-2.7081,0.6504,7510.8941,-1804.0608
2.700,5.400,1.000000,-2.8858,0.6759,8529.1552,-1997.8606
2.700,5.600,1.000000,-3.0697,0.7003,9650.6733,-2202.0140
2.700,5.800,1.000000,-3.2565,0.7223,10861.0320,-2409.4372
2.700,6.000,1.000000,-3.4600,0.7476,12260.8264,-2649.3398
2.700,6.200,1.000000,-3.6586,0.7675,13708.5842,-2876.0967
2.700,6.400,1.000000,-3.8691,0.7890,15331.3163,-3126.7454
2.700,6.600,1.000000,-4.0835,0.8087,17077.1938,-3382.4515
2.700,6.800,1.000000,-4.3000,0.8270,18936.0205,-3642.1434
2.700,7.000,1.000000,-4.5200,0.8443,20923.2112,-3908.4833
2.700,7.200,1.000000,-4.7442,0.8605,23050.1694,-4181.0611
2.700,7.400,1.000000,-4.9730,0.8766,25326.2194,-4464.5733
2.700,7.600,1.000000,-5.1971,0.8897,27660.1312,-4735.6849
2.700,7.800,1.000000,-5.4227,0.9019,30113.6144,-5008.9535
2.700,8.000,1.000000,-5.6496,0.9133,32687.1683,-5284.3880
3.500,4.000,1.000000,-1.7237,0.4545,3043.9165,-802.7498
3.500,4.200,1.000000,-1.8516,0.4788,3512.3595,-908.3739
3.500,4.400,1.000000,-1.9800,0.5013,4016.2518,-1017.1135
3.500,4.600,1.000000,-2.1153,0.5249,4583.4165,-1137.4625
3.500,4.800,1.000000,-2.2644,0.5495,5252.2817,-1274.7807
3.500,5.000,1.000000,-2.4081,0.5694,5939.7640,-1404.6471
3.500,5.200,1.000000,-2.5733,0.5935,6782.6616,-1564.6354
3.500,5.400,1.000000,-2.7444,0.6172,7714.3524,-1735.2316
3.500,5.600,1.000000,-2.9144,0.6382,8699.9311,-1905.4253
3.500,5.800,1.000000,-3.0898,0.6582,9779.2272,-2083.3996
3.500,6.000,1.000000,-3.2770,0.6795,10999.3252,-2281.0817
3.500,6.200,1.000000,-3.4695,0.7000,12328.9297,-2488.0353
3.500,6.400,1.000000,-3.6694,0.7202,13790.8257,-2707.1833
3.500,6.600,1.000000,-3.8698,0.7388,15338.5977,-2928.8098
3.500,6.800,1.000000,-4.0788,0.7581,17039.4651,-3167.4283
3.500,7.000,1.000000,-4.2839,0.7741,18795.5138,-3396.9796
3.500,7.200,1.000000,-4.4968,0.7904,20710.1918,-3640.5432
3.500,7.400,1.000000,-4.7095,0.8051,22715.7709,-3883.7357
3.500,7.600,1.000000,-4.9341,0.8215,24933.4910,-4151.3549
3.500,7.800,1.000000,-5.1545,0.8352,27210.3031,-4409.5653
3.500,8.000,1.000000,-5.3783,0.8487,29624.6980,-4675.1029
3.300,4.000,1.000000,-1.7488,0.4650,3133.0379,-833.1312
3.300,4.200,1.000000,-1.8756,0.4888,3603.5789,-939.3076
3.300,4.400,1.000000,-2.0028,0.5103,4108.8203,-1047.0126
3.300,4.600,1.000000,-2.1425,0.5351,4702.2605,-1174.5642
3.300,4.800,1.000000,-2.2923,0.5603,5382.1605,-1315.8300
3.300,5.000,1.000000,-2.4477,0.5844,6136.7442,-1465.4095
3.300,5.200,1.000000,-2.6060,0.6064,6956.1131,-1618.9525
3.300,5.400,1.000000,-2.7773,0.6307,7900.1945,-1794.4222
3.300,5.600,1.000000,-2.9521,0.6519,8926.1414,-1971.4216
3.300,5.800,1.000000,-3.1297,0.6728,10032.7238,-2157.2488
3.300,6.000,1.000000,-3.3202,0.6947,11290.9697,-2362.6581
3.300,6.200,1.000000,-3.5165,0.7160,12665.1078,-2579.2962
3.300,6.400,1.000000,-3.7150,0.7354,14134.9613,-2798.2761
3.300,6.600,1.000000,-3.9192,0.7544,15732.1442,-3028.6992
3.300,6.800,1.000000,-4.1283,0.7731,17454.9764,-3269.0930
3.300,7.000,1.000000,-4.3431,0.7912,19318.9917,-3519.4792
3.300,7.200,1.000000,-4.5573,0.8070,21270.9263,-3766.7344
3.300,7.400,1.000000,-4.7778,0.8231,23378.2319,-4027.8163
3.300,7.600,1.000000,-5.0003,0.8383,25606.5526,-4293.3014
3.300,7.800,1.000000,-5.2202,0.8513,27907.1078,-4551.3549
3.300,8.000,1.000000,-5.4465,0.8647,30380.2323,-4823.6270
3.100,4.000,1.000000,-1.7773,0.4711,3235.6543,-857.7734
3.100,4.200,1.000000,-1.8997,0.4960,3696.7291,-965.4039
3.100,4.400,1.000000,-2.0313,0.5217,4226.4419,-1085.7118
3.100,4.600,1.000000,-2.1694,0.5457,4820.4957,-1212.8337
3.100,4.800,1.000000,-2.3209,0.5715,5517.2988,-1358.7175
3.100,5.000,1.000000,-2.4756,0.5954,6277.1035,-1509.9518
3.100,5.200,1.000000,-2.6412,0.6216,7144.9522,-1681.7394
3.100,5.400,1.000000,-2.8138,0.6452,8108.9513,-1859.5898
3.100,5.600,1.000000,-2.9918,0.6677,9167.3050,-2046.4608
3.100,5.800,1.000000,-3.1728,0.6891,10310.5535,-2239.5109
3.100,6.000,1.000000,-3.3634,0.7102,11586.5415,-2446.9694
3.100,6.200,1.000000,-3.5652,0.7326,13017.8133,-2675.2689
3.100,6.400,1.000000,-3.7646,0.7523,14514.9648,-2900.9178
3.100,6.600,1.000000,-3.9753,0.7727,16185.2149,-3146.5215
3.100,6.800,1.000000,-4.1861,0.7907,17947.0011,-3390.4502
3.100,7.000,1.000000,-4.3986,0.8075,19814.5538,-3637.7129
3.100,7.200,1.000000,-4.6184,0.8243,21844.7366,-3899.1025
3.100,7.400,1.000000,-4.8439,0.8410,24029.2579,-4172.3660
3.100,7.600,1.000000,-5.0632,0.8545,26254.6562,-4431.1253
3.100,7.800,1.000000,-5.2918,0.8691,28678.7034,-4710.2956
3.100,8.000,1.000000,-5.5120,0.8802,31115.2767,-4968.6559
3.900,4.000,1.000000,-1.6760,0.4394,2878.2184,-754.7226
3.900,4.200,1.000000,-1.7961,0.4606,3305.1317,-847.7223
3.900,4.400,1.000000,-1.9268,0.4835,3803.7715,-954.5687
3.900,4.600,1.000000,-2.0612,0.5045,4352.6679,-1065.6556
3.900,4.800,1.000000,-2.2022,0.5262,4968.2463,-1187.3706
3.900,5.000,1.000000,-2.3550,0.5495,5681.7372,-1325.9607
3.900,5.200,1.000000,-2.5126,0.5716,6467.1323,-1471.4843
3.900,5.400,1.000000,-2.6732,0.5923,7320.1200,-1622.1606
3.900,5.600,1.000000,-2.8381,0.6111,8250.4888,-1776.8619
3.900,5.800,1.000000,-3.0155,0.6317,9314.7036,-1951.4803
3.900,6.000,1.000000,-3.1931,0.6511,10444.0408,-2129.8134
3.900,6.200,1.000000,-3.3780,0.6699,11688.3582,-2318.4483
3.900,6.400,1.000000,-3.5710,0.6894,13061.2974,-2521.9361
3.900,6.600,1.000000,-3.7645,0.7075,14515.0806,-2728.2291
3.900,6.800,1.000000,-3.9582,0.7225,16047.4956,-2929.6071
3.900,7.000,1.000000,-4.1652,0.7409,17769.4727,-3161.2888
3.900,7.200,1.000000,-4.3842,0.7601,19687.4530,-3413.4588
3.900,7.400,1.000000,-4.5956,0.7757,21630.9019,-3651.4783
3.900,7.600,1.000000,-4.8087,0.7904,23683.8394,-3893.1014
3.900,7.800,1.000000,-5.0267,0.8047,25879.3602,-4143.1864
3.900,8.000,1.000000,-5.2516,0.8194,28246.1346,-4407.6135
3.700,4.000,1.000000,-1.6991,0.4469,2957.8954,-778.0199
3.700,4.200,1.000000,-1.8210,0.4689,3397.2439,-875.0564
3.700,4.400,1.000000,-1.9498,0.4930,3894.9057,-985.0033
3.700,4.600,1.000000,-2.0877,0.5147,4465.2994,-1101.1654
3.700,4.800,1.000000,-2.2341,0.5387,5112.8777,-1233.0574
3.700,5.000,1.000000,-2.3862,0.5604,5832.5084,-1370.0502
3.700,5.200,1.000000,-2.5407,0.5808,6612.4538,-1511.7658
3.700,5.400,1.000000,-2.7001,0.6010,7467.8214,-1662.4650
3.700,5.600,1.000000,-2.8763,0.6248,8474.4907,-1841.1281
3.700,5.800,1.000000,-3.0541,0.6453,9553.8829,-2019.1010
3.700,6.000,1.000000,-3.2343,0.6647,10714.8178,-2202.5572
3.700,6.200,1.000000,-3.4202,0.6840,11982.2935,-2396.5586
3.700,6.400,1.000000,-3.6149,0.7033,13384.1002,-2604.3709
3.700,6.600,1.000000,-3.8146,0.7224,14904.1939,-2822.8266
3.700,6.800,1.000000,-4.0159,0.7398,16518.4477,-3043.3799
3.700,7.000,1.000000,-4.2260,0.7576,18291.6555,-3279.4528
3.700,7.200,1.000000,-4.4349,0.7734,20144.4993,-3513.4231
3.700,7.400,1.000000,-4.6565,0.7915,22207.4376,-3774.8525
3.700,7.600,1.000000,-4.8693,0.8051,24283.8735,-4015.5686
3.700,7.800,1.000000,-5.0910,0.8200,26544.5702,-4275.9553
3.700,8.000,1.000000,-5.3075,0.8322,28850.8316,-4523.8137
1.900,5.000,1.000000,-2.6643,0.6939,7269.4955,-1893.6307
1.800,5.000,1.000000,-2.6799,0.7046,7354.8306,-1934.0379
1.700,5.000,1.000000,-2.6977,0.7168,7452.5843,-1980.5964
1.600,5.000,1.000000,-2.7126,0.7284,7535.5395,-2023.5345
1.500,5.000,1.000000,-2.7302,0.7418,7633.0787,-2074.0497
1.400,5.000,1.000000,-2.7485,0.7569,7735.7452,-2130.4770
1.300,5.000,1.000000,-2.7651,0.7709,7829.4191,-2183.0532
1.200,5.000,1.000000,-2.7856,0.7894,7946.2613,-2252.0503
1.100,5.000,1.000000,-2.8056,0.8080,8060.9417,-2321.5713
1.000,5.000,1.000000,-2.8277,0.8290,8187.9650,-2400.4992
1.900,4.800,1.000000,-2.4906,0.6605,6352.6392,-1684.8819
1.800,4.800,1.000000,-2.5030,0.6684,6415.6889,-1713.3803
1.700,4.800,1.000000,-2.5178,0.6791,6491.7577,-1751.0377
1.600,4.800,1.000000,-2.5327,0.6914,6568.7293,-1793.3409
1.500,4.800,1.000000,-2.5459,0.7019,6637.6097,-1830.0231
1.400,4.800,1.000000,-2.5598,0.7145,6710.2322,-1873.2173
1.300,4.800,1.000000,-2.5768,0.7312,6799.4019,-1929.7741
1.200,4.800,1.000000,-2.5907,0.7455,6873.0915,-1978.0316
1.100,4.800,1.000000,-2.6068,0.7630,6958.8557,-2037.0001
1.000,4.800,1.000000,-2.6231,0.7816,7045.7705,-2099.6335
1.900,4.600,1.000000,-2.3299,0.6261,5559.2151,-1494.1255
1.800,4.600,1.000000,-2.3412,0.6349,5613.5069,-1522.2985
1.700,4.600,1.000000,-2.3521,0.6420,5665.4749,-1546.5597
1.600,4.600,1.000000,-2.3631,0.6513,5718.6946,-1576.3327
1.500,4.600,1.000000,-2.3755,0.6615,5778.8845,-1609.3076
1.400,4.600,1.000000,-2.3874,0.6728,5836.4311,-1644.8992
1.300,4.600,1.000000,-2.3975,0.6834,5886.2502,-1678.0131
1.200,4.600,1.000000,-2.4099,0.6979,5946.9820,-1722.4958
1.100,4.600,1.000000,-2.4209,0.7115,6001.7628,-1763.9850
1.000,4.600,1.000000,-2.4336,0.7287,6064.5058,-1816.0513
1.900,4.400,1.000000,-2.1786,0.5906,4860.4331,-1317.7614
1.800,4.400,1.000000,-2.1898,0.5965,4910.5288,-1337.6809
1.700,4.400,1.000000,-2.2000,0.6039,4956.5693,-1360.6133
1.600,4.400,1.000000,-2.2094,0.6102,4998.6195,-1380.6411
1.500,4.400,1.000000,-2.2211,0.6202,5051.6727,-1410.6806
1.400,4.400,1.000000,-2.2289,0.6276,5087.2561,-1432.6387
1.300,4.400,1.000000,-2.2387,0.6369,5132.2791,-1460.1995
1.200,4.400,1.000000,-2.2468,0.6480,5169.4526,-1490.9296
1.100,4.400,1.000000,-2.2545,0.6566,5204.6489,-1515.9809
1.000,4.400,1.000000,-2.2625,0.6708,5241.9424,-1554.3560
1.900,4.200,1.000000,-2.0431,0.5550,4275.0150,-1161.3318
1.800,4.200,1.000000,-2.0536,0.5614,4318.5857,-1180.6027
1.700,4.200,1.000000,-2.0629,0.5664,4357.8241,-1196.6783
1.600,4.200,1.000000,-2.0708,0.5709,4391.4148,-1210.7989
1.500,4.200,1.000000,-2.0788,0.5746,4425.4625,-1223.3018
1.400,4.200,1.000000,-2.0883,0.5830,4465.8527,-1246.8149
1.300,4.200,1.000000,-2.0954,0.5870,4496.0627,-1259.5071
1.200,4.200,1.000000,-2.1028,0.5944,4528.1916,-1280.0564
1.100,4.200,1.000000,-2.1086,0.6003,4552.9401,-1296.2448
1.000,4.200,1.000000,-2.1135,0.6078,4574.1914,-1315.5766
1.900,4.000,1.000000,-1.9181,0.5179,3767.6359,-1017.2722
1.800,4.000,1.000000,-1.9292,0.5234,3811.6119,-1034.1137
1.700,4.000,1.000000,-1.9386,0.5261,3848.7383,-1044.4541
1.600,4.000,1.000000,-1.9476,0.5281,3884.4780,-1053.2479
1.500,4.000,1.000000,-1.9580,0.5333,3926.1278,-1069.4268
1.400,4.000,1.000000,-1.9642,0.5338,3950.6642,-1073.7764
1.300,4.000,1.000000,-1.9715,0.5374,3980.1368,-1084.9439
1.200,4.000,1.000000,-1.9795,0.5406,4012.6216,-1095.9024
1.100,4.000,1.000000,-1.9843,0.5440,4032.0308,-1105.3464
1.000,4.000,1.000000,-1.9894,0.5428,4052.7631,-1105.7614
1.000,6.000,1.000000,-3.9309,0.9655,15823.1451,-3886.4160
1.100,6.000,1.000000,-3.9054,0.9527,15618.3830,-3810.2708
1.200,6.000,1.000000,-3.8750,0.9376,15376.5808,-3720.7744
1.300,6.000,1.000000,-3.8450,0.9228,15139.6658,-3633.5405
1.400,6.000,1.000000,-3.8161,0.9086,14912.3729,-3550.6423
1.500,6.000,1.000000,-3.7843,0.8930,14664.6139,-3460.8952
1.600,6.000,1.000000,-3.7539,0.8783,14430.3309,-3376.6317
1.700,6.000,1.000000,-3.7262,0.8651,14218.0367,-3301.0945
1.800,6.000,1.000000,-3.6960,0.8508,13988.5625,-3220.2797
1.900,6.000,1.000000,-3.6649,0.8363,13755.2060,-3138.8500
1.000,5.800,1.000000,-3.7108,0.9505,14100.7950,-3612.0266
1.100,5.800,1.000000,-3.6834,0.9353,13892.7641,-3528.0318
1.200,5.800,1.000000,-3.6525,0.9184,13661.0694,-3435.1535
1.300,5.800,1.000000,-3.6212,0.9013,13428.6689,-3342.3710
1.400,5.800,1.000000,-3.5916,0.8852,13209.4090,-3255.6793
1.500,5.800,1.000000,-3.5646,0.8708,13011.9320,-3178.8662
1.600,5.800,1.000000,-3.5334,0.8542,12785.3920,-3090.9706
1.700,5.800,1.000000,-3.5067,0.8402,12592.8965,-3017.5674
1.800,5.800,1.000000,-3.4783,0.8255,12389.9377,-2940.5972
1.900,5.800,1.000000,-3.4512,0.8118,12197.7975,-2869.3723
1.000,5.600,1.000000,-3.4890,0.9308,12465.7457,-3325.5239
1.100,5.600,1.000000,-3.4596,0.9126,12256.3379,-3233.0138
1.200,5.600,1.000000,-3.4288,0.8936,12039.3458,-3137.8054
1.300,5.600,1.000000,-3.3993,0.8756,11832.8544,-3047.9498
1.400,5.600,1.000000,-3.3700,0.8579,11629.8065,-2960.7683
1.500,5.600,1.000000,-3.3434,0.8420,11446.8381,-2883.1429
1.600,5.600,1.000000,-3.3167,0.8265,11265.3525,-2807.3443
1.700,5.600,1.000000,-3.2911,0.8120,11091.8156,-2736.7619
1.800,5.600,1.000000,-3.2663,0.7982,10925.8053,-2670.3569
1.900,5.600,1.000000,-3.2421,0.7848,10764.2852,-2605.8230
1.000,5.400,1.000000,-3.2655,0.9042,10919.9884,-3023.8496
1.100,5.400,1.000000,-3.2349,0.8827,10716.5089,-2924.4436
1.200,5.400,1.000000,-3.2082,0.8640,10539.9204,-2838.7629
1.300,5.400,1.000000,-3.1806,0.8452,10359.2761,-2752.9040
1.400,5.400,1.000000,-3.1558,0.8285,10198.6898,-2677.5972
1.500,5.400,1.000000,-3.1306,0.8118,10036.7872,-2602.8974
1.600,5.400,1.000000,-3.1077,0.7970,9890.1820,-2536.7062
1.700,5.400,1.000000,-3.0834,0.7818,9736.6618,-2469.0381
1.800,5.400,1.000000,-3.0617,0.7688,9599.9055,-2410.6443
1.900,5.400,1.000000,-3.0391,0.7553,9458.5751,-2350.8509
1.000,5.200,1.000000,-3.0447,0.8712,9493.3218,-2716.5808
1.100,5.200,1.000000,-3.0187,0.8500,9331.1270,-2627.5546
1.200,5.200,1.000000,-2.9931,0.8296,9174.0826,-2542.9419
1.300,5.200,1.000000,-2.9688,0.8105,9025.9900,-2464.3111
1.400,5.200,1.000000,-2.9467,0.7937,8892.0817,-2395.2618
1.500,5.200,1.000000,-2.9263,0.7788,8769.1680,-2334.0497
1.600,5.200,1.000000,-2.9058,0.7642,8646.9922,-2274.2970
1.700,5.200,1.000000,-2.8851,0.7499,8524.1075,-2215.8135
1.800,5.200,1.000000,-2.8664,0.7376,8414.3016,-2165.3349
1.900,5.200,1.000000,-2.8473,0.7256,8302.0893,-2115.9341
1.000,7.000,0.500568,-4.9821,0.9940,25416.5516,-5071.1396
1.100,7.000,0.857721,-4.9718,0.9906,25311.0900,-5043.1060
1.200,7.000,1.000000,-4.9583,0.9861,25173.9652,-5006.8142
1.300,7.000,1.000000,-4.9407,0.9802,24995.4575,-4959.4529
1.400,7.000,1.000000,-4.9199,0.9733,24786.1353,-4903.8327
1.500,7.000,1.000000,-4.8957,0.9653,24544.4231,-4839.5133
1.600,7.000,1.000000,-4.8687,0.9564,24274.6188,-4768.2159
1.700,7.000,1.000000,-4.8409,0.9472,23997.5895,-4695.3122
1.800,7.000,1.000000,-4.8109,0.9372,23701.1420,-4617.5493
1.900,7.000,1.000000,-4.7793,0.9269,23390.9498,-4536.6548
1.000,6.800,0.733398,-4.7770,0.9918,23367.6985,-4851.8643
1.100,6.800,1.000000,-4.7636,0.9870,23237.4009,-4815.0927
1.200,6.800,1.000000,-4.7466,0.9810,23072.6471,-4768.6008
1.300,6.800,1.000000,-4.7267,0.9739,22879.3792,-4714.0734
1.400,6.800,1.000000,-4.7025,0.9652,22645.6805,-4648.2290
1.500,6.800,1.000000,-4.6767,0.9561,22397.1650,-4578.5736
1.600,6.800,1.000000,-4.6488,0.9461,22130.4243,-4504.2069
1.700,6.800,1.000000,-4.6186,0.9355,21844.0280,-4424.5158
1.800,6.800,1.000000,-4.5876,0.9246,21552.6991,-4344.1594
1.900,6.800,1.000000,-4.5553,0.9133,21249.9982,-4260.6832
1.000,6.600,1.000000,-4.5701,0.9884,21384.3037,-4625.2444
1.100,6.600,1.000000,-4.5536,0.9821,21231.6361,-4579.3609
1.200,6.600,1.000000,-4.5332,0.9743,21043.0923,-4522.8622
1.300,6.600,1.000000,-4.5106,0.9657,20834.5812,-4460.5445
1.400,6.600,1.000000,-4.4836,0.9554,20586.7947,-4386.7489
1.500,6.600,1.000000,-4.4563,0.9449,20335.9398,-4312.3860
1.600,6.600,1.000000,-4.4252,0.9331,20052.5181,-4228.4294
1.700,6.600,1.000000,-4.3943,0.9214,19773.8601,-4146.2218
1.800,6.600,1.000000,-4.3631,0.9096,19494.9248,-4064.4254
1.900,6.600,1.000000,-4.3313,0.8977,19211.2964,-3981.8509
1.000,6.400,1.000000,-4.3596,0.9832,19461.9998,-4389.0388
1.100,6.400,1.000000,-4.3400,0.9750,19287.6469,-4333.1106
1.200,6.400,1.000000,-4.3167,0.9653,19080.6859,-4266.8411
1.300,6.400,1.000000,-4.2910,0.9547,18855.0402,-4194.9649
1.400,6.400,1.000000,-4.2622,0.9428,18603.9310,-4115.1016
1.500,6.400,1.000000,-4.2337,0.9310,18355.3441,-4036.4185
1.600,6.400,1.000000,-4.2015,0.9178,18077.3835,-3949.0141
1.700,6.400,1.000000,-4.1695,0.9048,17803.4592,-3863.6177
1.800,6.400,1.000000,-4.1377,0.8919,17533.0155,-3779.3208
1.900,6.400,1.000000,-4.1063,0.8794,17267.3998,-3698.0861
1.000,6.200,1.000000,-4.1472,0.9760,17612.9506,-4144.9336
1.100,6.200,1.000000,-4.1242,0.9656,17417.5625,-4077.6699
1.200,6.200,1.000000,-4.0983,0.9538,17199.2599,-4002.8740
1.300,6.200,1.000000,-4.0693,0.9407,16956.6846,-3920.1304
1.400,6.200,1.000000,-4.0393,0.9273,16707.9606,-3835.6140
1.500,6.200,1.000000,-4.0094,0.9139,16461.6685,-3752.2369
1.600,6.200,1.000000,-3.9777,0.8997,16202.5822,-3665.0516
1.700,6.200,1.000000,-3.9455,0.8855,15941.3521,-3578.1088
1.800,6.200,1.000000,-3.9148,0.8721,15694.8008,-3496.5454
1.900,6.200,1.000000,-3.8852,0.8594,15458.3898,-3419.5471
1.000,8.000,0.067212,-5.9935,0.9984,36784.4910,-6127.4887
1.100,8.000,0.142029,-5.9905,0.9976,36747.6196,-6119.6809
1.200,8.000,0.256030,-5.9859,0.9965,36691.1343,-6107.8994
1.300,8.000,0.426208,-5.9790,0.9948,36607.3484,-6090.6252
1.400,8.000,0.657452,-5.9700,0.9925,36496.8904,-6067.7598
1.500,8.000,0.956592,-5.9585,0.9896,36357.8565,-6038.7459
1.600,8.000,1.000000,-5.9440,0.9860,36181.1690,-6001.7847
1.700,8.000,1.000000,-5.9266,0.9817,35969.0916,-5957.5635
1.800,8.000,1.000000,-5.9071,0.9768,35732.6567,-5908.5439
1.900,8.000,1.000000,-5.8850,0.9713,35465.8281,-5853.4574
1.000,7.800,0.102991,-5.7924,0.9980,34357.9666,-5919.6812
1.100,7.800,0.203687,-5.7885,0.9970,34311.6841,-5909.6423
1.200,7.800,0.361365,-5.7827,0.9955,34243.7744,-5894.8536
1.300,7.800,0.577997,-5.7747,0.9933,34146.1140,-5873.5220
1.400,7.800,0.870026,-5.7634,0.9904,34014.9172,-5845.0849
1.500,7.800,1.000000,-5.7499,0.9869,33856.8650,-5810.7830
1.600,7.800,1.000000,-5.7330,0.9824,33658.5142,-5767.6247
1.700,7.800,1.000000,-5.7140,0.9774,33434.5295,-5718.9651
1.800,7.800,1.000000,-5.6915,0.9715,33172.0478,-5662.0968
1.900,7.800,1.000000,-5.6670,0.9651,32887.0637,-5600.6205
1.000,7.600,0.153839,-5.5910,0.9975,32009.2246,-5710.8247
1.100,7.600,0.291870,-5.5860,0.9961,31951.8047,-5697.8726
1.200,7.600,0.498865,-5.5785,0.9940,31866.4067,-5678.3945
1.300,7.600,0.776373,-5.5687,0.9914,31759.7479,-5653.3791
1.400,7.600,1.000000,-5.5560,0.9878,31615.3787,-5620.2884
1.500,7.600,1.000000,-5.5390,0.9831,31421.6998,-5576.2378
1.600,7.600,1.000000,-5.5204,0.9779,31210.3446,-5528.3225
1.700,7.600,1.000000,-5.4991,0.9720,30969.2920,-5473.8199
1.800,7.600,1.000000,-5.4747,0.9653,30693.5840,-5411.6287
1.900,7.600,1.000000,-5.4500,0.9584,30415.1420,-5348.9381
1.000,7.400,0.223352,-5.3892,0.9968,29740.5920,-5501.0316
1.100,7.400,0.412268,-5.3828,0.9949,29670.0364,-5484.3853
1.200,7.400,0.679071,-5.3738,0.9923,29571.1829,-5460.8572
1.300,7.400,1.000000,-5.3612,0.9886,29432.4635,-5427.4463
1.400,7.400,1.000000,-5.3458,0.9841,29263.7069,-5387.1221
1.500,7.400,1.000000,-5.3274,0.9787,29061.6954,-5338.8592
1.600,7.400,1.000000,-5.3059,0.9724,28828.6943,-5283.2498
1.700,7.400,1.000000,-5.2831,0.9657,28581.6386,-5224.5161
1.800,7.400,1.000000,-5.2562,0.9578,28290.8503,-5155.4800
1.900,7.400,1.000000,-5.2263,0.9491,27970.4681,-5079.6708
1.000,7.200,0.333276,-5.1863,0.9957,27542.7935,-5287.9764
1.100,7.200,0.588971,-5.1782,0.9932,27458.2377,-5266.5634
1.200,7.200,0.953375,-5.1669,0.9896,27337.4374,-5236.1779
1.300,7.200,1.000000,-5.1519,0.9850,27179.9382,-5196.4440
1.400,7.200,1.000000,-5.1339,0.9793,26989.9088,-5148.6910
1.500,7.200,1.000000,-5.1134,0.9730,26774.2570,-5094.6191
1.600,7.200,1.000000,-5.0887,0.9653,26516.0823,-5030.1307
1.700,7.200,1.000000,-5.0625,0.9572,26244.2971,-4962.2956
1.800,7.200,1.000000,-5.0340,0.9483,25949.3699,-4888.6041
1.900,7.200,1.000000,-5.0044,0.9392,25646.0426,-4813.1897
3.000,1.000,1.000000,-0.8444,0.1062,733.2810,-91.7395
2.800,1.000,1.000000,-0.9368,0.1056,901.9325,-101.1861
2.600,1.000,1.000000,-1.0267,0.0996,1082.6629,-104.6252
2.400,1.000,1.000000,-1.1481,0.0924,1354.9485,-108.2494
2.200,1.000,1.000000,-1.4490,0.0706,2158.2958,-104.1399
2.000,1.000,1.000000,-1.6816,0.0495,2898.8020,-84.8802
3.000,0.800,1.000000,-0.8433,0.0862,731.6678,-74.3670
2.800,0.800,1.000000,-0.9320,0.0830,893.0946,-79.1588
2.600,0.800,1.000000,-1.0257,0.0804,1081.4498,-84.3046
2.400,0.800,1.000000,-1.1833,0.0709,1439.5601,-85.5706
2.200,0.800,1.000000,-1.4984,0.0517,2304.0424,-79.0375
2.000,0.800,1.000000,-1.6969,0.0378,2951.7016,-65.4963
3.000,0.600,1.000000,-0.8189,0.0628,690.1237,-52.6681
2.800,0.600,1.000000,-0.9085,0.0618,848.6511,-57.4244
2.600,0.600,1.000000,-1.0241,0.0587,1078.0039,-61.4149
2.400,0.600,1.000000,-1.2081,0.0516,1504.5545,-63.4426
2.200,0.600,1.000000,-1.5183,0.0377,2367.4669,-58.2713
2.000,0.600,1.000000,-1.7180,0.0268,3025.5347,-46.9752
3.000,0.400,1.000000,-0.8247,0.0432,699.7155,-36.4725
2.800,0.400,1.000000,-0.9088,0.0414,849.5316,-38.4391
2.600,0.400,1.000000,-1.0186,0.0390,1067.1170,-40.6248
2.400,0.400,1.000000,-1.1681,0.0364,1401.9989,-43.4272
2.200,0.400,1.000000,-1.5309,0.0247,2405.4805,-38.5464
2.000,0.400,1.000000,-1.7240,0.0178,3046.7487,-31.2394
3.000,0.200,1.000000,-0.8131,0.0229,681.0281,-19.0677
2.800,0.200,1.000000,-0.9085,0.0222,848.9272,-20.6042
2.600,0.200,1.000000,-1.0302,0.0215,1092.7124,-22.5337
2.400,0.200,1.000000,-1.1811,0.0187,1435.0066,-22.4941
2.200,0.200,1.000000,-1.5114,0.0140,2345.5487,-21.5566
2.000,0.200,1.000000,-1.7353,0.0104,3086.7646,-18.3108
3.000,0.000,1.000000,-0.8193,0.0140,691.0586,-11.7506
2.800,0.000,1.000000,-0.9045,0.0132,842.0225,-12.2442
2.600,0.000,1.000000,-1.0277,0.0124,1086.6613,-13.0468
2.400,0.000,1.000000,-1.2018,0.0112,1485.6495,-13.7552
2.200,0.000,1.000000,-1.5516,0.0090,2471.8164,-14.2474
2.000,0.000,1.000000,-1.7361,0.0073,3089.0842,-12.9265
4.000,0.000,1.000000,-0.5482,0.0160,310.3168,-8.9639
4.000,0.200,1.000000,-0.5554,0.0243,318.4278,-13.8064
4.000,0.400,1.000000,-0.5689,0.0427,334.3653,-24.9589
4.000,0.600,1.000000,-0.5782,0.0647,344.7052,-38.3019
4.000,0.800,1.000000,-0.5967,0.0845,367.5035,-51.7647
4.000,1.000,1.000000,-0.6197,0.1068,395.9262,-67.8912
3.800,0.000,1.000000,-0.5930,0.0155,362.8708,-9.3804
3.800,0.200,1.000000,-0.6010,0.0232,372.4288,-14.2800
3.800,0.400,1.000000,-0.6066,0.0430,379.7591,-26.7649
3.800,0.600,1.000000,-0.6107,0.0632,384.3058,-39.5959
3.800,0.800,1.000000,-0.6299,0.0863,408.8577,-55.6538
3.800,1.000,1.000000,-0.6535,0.1064,440.1372,-71.2798
3.600,0.000,1.000000,-0.6464,0.0154,431.1419,-10.1841
3.600,0.200,1.000000,-0.6442,0.0241,427.8805,-15.9077
3.600,0.400,1.000000,-0.6463,0.0421,430.8155,-27.9632
3.600,0.600,1.000000,-0.6466,0.0654,431.2505,-43.2682
3.600,0.800,1.000000,-0.6688,0.0853,460.5464,-58.4783
3.600,1.000,1.000000,-0.6965,0.1084,499.4896,-77.2908
3.400,0.000,1.000000,-0.6910,0.0154,491.5247,-10.8676
3.400,0.200,1.000000,-0.6834,0.0241,480.8659,-16.7884
3.400,0.400,1.000000,-0.6897,0.0416,490.1121,-29.4081
3.400,0.600,1.000000,-0.7049,0.0651,511.5140,-47.0152
3.400,0.800,1.000000,-0.7247,0.0849,540.4929,-63.0108
3.400,1.000,1.000000,-0.7373,0.1072,559.5320,-80.9104
3.200,0.000,1.000000,-0.7470,0.0141,574.6489,-10.7522
3.200,0.200,1.000000,-0.7433,0.0234,569.1573,-17.7985
3.200,0.400,1.000000,-0.7475,0.0424,575.4203,-32.3849
3.200,0.600,1.000000,-0.7550,0.0641,587.1845,-49.4325
3.200,0.800,1.000000,-0.7738,0.0865,615.8202,-68.5371
3.200,1.000,1.000000,-0.7925,0.1065,646.0257,-86.3277
2.000,2.000,1.000000,-1.4245,0.1719,2081.3630,-250.0864
2.200,2.000,1.000000,-1.2876,0.1954,1700.7982,-257.1695
2.400,2.000,1.000000,-1.1881,0.2088,1448.1728,-253.6236
2.600,2.000,1.000000,-1.1089,0.2166,1261.4647,-245.8108
2.800,2.000,1.000000,-1.0441,0.2199,1118.3350,-235.0049
3.000,2.000,1.000000,-0.9955,0.2201,1016.9108,-224.3489
3.200,2.000,1.000000,-0.9508,0.2211,927.8186,-215.2881
3.400,2.000,1.000000,-0.9120,0.2215,853.7414,-207.0148
3.600,2.000,1.000000,-0.8689,0.2183,775.1540,-194.3530
3.800,2.000,1.000000,-0.8435,0.2174,730.6619,-187.9458
4.000,2.000,1.000000,-0.8117,0.2173,677.0502,-180.8242
2.000,1.800,1.000000,-1.5093,0.1323,2337.3910,-203.5245
2.200,1.800,1.000000,-1.2818,0.1703,1685.2746,-223.1537
2.400,1.800,1.000000,-1.1761,0.1825,1419.5441,-219.4503
2.600,1.800,1.000000,-1.0888,0.1913,1216.3362,-213.1545
2.800,1.800,1.000000,-1.0161,0.1954,1059.4508,-203.1438
3.000,1.800,1.000000,-0.9485,0.1989,923.6048,-193.1293
3.200,1.800,1.000000,-0.9126,0.1974,855.3919,-184.4783
3.400,1.800,1.000000,-0.8604,0.1979,760.3521,-174.4438
3.600,1.800,1.000000,-0.8250,0.1963,699.4024,-166.0783
3.800,1.800,1.000000,-0.7938,0.1940,647.3501,-157.8998
4.000,1.800,1.000000,-0.7666,0.1924,604.0827,-151.1485
2.000,1.600,1.000000,-1.5498,0.1072,2464.5089,-169.3631
2.200,1.600,1.000000,-1.2836,0.1452,1689.9444,-190.5698
2.400,1.600,1.000000,-1.1597,0.1595,1379.9120,-189.1910
2.600,1.600,1.000000,-1.0675,0.1665,1169.7216,-181.8598
2.800,1.600,1.000000,-0.9884,0.1703,1003.0425,-172.2528
3.000,1.600,1.000000,-0.9236,0.1732,875.8749,-163.7198
3.200,1.600,1.000000,-0.8634,0.1753,765.8372,-154.9263
3.400,1.600,1.000000,-0.8270,0.1743,702.9485,-147.6251
3.600,1.600,1.000000,-0.7808,0.1740,626.7947,-139.2716
3.800,1.600,1.000000,-0.7511,0.1737,579.7254,-133.6885
4.000,1.600,1.000000,-0.7178,0.1725,529.8287,-126.9567
2.000,1.400,1.000000,-1.6149,0.0821,2674.8810,-135.1171
2.200,1.400,1.000000,-1.3787,0.1124,1950.3463,-158.2054
2.400,1.400,1.000000,-1.1660,0.1352,1395.9075,-161.1834
2.600,1.400,1.000000,-1.0467,0.1442,1125.0212,-154.3266
2.800,1.400,1.000000,-0.9667,0.1495,960.0119,-147.9297
3.000,1.400,1.000000,-0.8918,0.1505,817.0929,-137.4196
3.200,1.400,1.000000,-0.8325,0.1523,712.3925,-129.7869
3.400,1.400,1.000000,-0.7941,0.1526,648.3153,-124.0974
3.600,1.400,1.000000,-0.7488,0.1532,576.2003,-117.5155
3.800,1.400,1.000000,-0.7107,0.1506,520.3806,-109.6006
4.000,1.400,1.000000,-0.6813,0.1498,477.8304,-104.5984
2.000,1.200,1.000000,-1.6355,0.0659,2742.5653,-110.0160
2.200,1.200,1.000000,-1.4027,0.0915,2019.6578,-130.9748
2.400,1.200,1.000000,-1.1534,0.1128,1366.6808,-132.9387
2.600,1.200,1.000000,-1.0316,0.1211,1093.7341,-127.7781
2.800,1.200,1.000000,-0.9404,0.1281,908.5050,-123.2171
3.000,1.200,1.000000,-0.8715,0.1296,780.6444,-115.5905
3.200,1.200,1.000000,-0.8130,0.1296,679.9822,-107.8289
3.400,1.200,1.000000,-0.7578,0.1305,590.3180,-101.2939
3.600,1.200,1.000000,-0.7150,0.1300,525.6038,-95.1863
3.800,1.200,1.000000,-0.6902,0.1286,490.2345,-91.0733
4.000,1.200,1.000000,-0.6433,0.1274,426.2915,-84.0702
2.900,0.000,1.000000,-0.8560,0.0134,753.7845,-11.7146
2.900,0.200,1.000000,-0.8565,0.0221,754.6833,-19.3260
2.900,0.400,1.000000,-0.8591,0.0424,759.7890,-37.2365
2.900,0.600,1.000000,-0.8678,0.0632,774.5314,-56.0465
2.900,0.800,1.000000,-0.8793,0.0838,795.4245,-75.3657
2.900,1.000,1.000000,-0.8956,0.1059,824.5660,-96.9976
2.900,1.200,1.000000,-0.9012,0.1281,834.6733,-118.2024
2.900,1.400,1.000000,-0.9240,0.1499,877.2729,-141.6973
2.900,1.600,1.000000,-0.9545,0.1729,935.3857,-168.9651
2.900,1.800,1.000000,-0.9861,0.1977,997.9722,-199.5269
2.900,2.000,1.000000,-1.0179,0.2212,1063.0136,-230.5742
2.700,0.000,1.000000,-0.9593,0.0125,946.4194,-12.2667
2.700,0.200,1.000000,-0.9664,0.0217,960.5439,-21.4456
2.700,0.400,1.000000,-0.9563,0.0404,940.0955,-39.4713
2.700,0.600,1.000000,-0.9623,0.0597,952.7985,-58.6717
2.700,0.800,1.000000,-0.9638,0.0819,955.5493,-80.6670
2.700,1.000,1.000000,-0.9756,0.1027,977.5493,-102.4706
2.700,1.200,1.000000,-0.9860,0.1250,999.3728,-125.9714
2.700,1.400,1.000000,-1.0070,0.1472,1041.8130,-151.6294
2.700,1.600,1.000000,-1.0295,0.1702,1088.4705,-179.2898
2.700,1.800,1.000000,-1.0515,0.1945,1134.3571,-209.2275
2.700,2.000,1.000000,-1.0792,0.2184,1194.8530,-241.1566
2.500,0.000,1.000000,-1.0852,0.0119,1210.0187,-13.2005
2.500,0.200,1.000000,-1.0920,0.0204,1226.1101,-22.7884
2.500,0.400,1.000000,-1.0858,0.0372,1211.4697,-41.3608
2.500,0.600,1.000000,-1.0877,0.0564,1216.3836,-62.6649
2.500,0.800,1.000000,-1.0826,0.0760,1204.5101,-84.0500
2.500,1.000,1.000000,-1.1084,0.0955,1262.2671,-108.1934
2.500,1.200,1.000000,-1.1044,0.1163,1252.3875,-131.2782
2.500,1.400,1.000000,-1.1023,0.1399,1247.6702,-157.6300
2.500,1.600,1.000000,-1.0986,0.1652,1239.1559,-185.4322
2.500,1.800,1.000000,-1.1238,0.1886,1296.1756,-216.8076
2.500,2.000,1.000000,-1.1484,0.2128,1352.7192,-250.0435
2.300,0.000,1.000000,-1.3434,0.0103,1855.8878,-14.1468
2.300,0.200,1.000000,-1.3949,0.0153,2000.5860,-21.7268
2.300,0.400,1.000000,-1.3778,0.0295,1950.8900,-41.3790
2.300,0.600,1.000000,-1.2934,0.0491,1720.6298,-64.7370
2.300,0.800,1.000000,-1.3507,0.0627,1875.0048,-86.2666
2.300,1.000,1.000000,-1.2777,0.0853,1678.2902,-111.0691
2.300,1.200,1.000000,-1.2545,0.1061,1616.7849,-135.8178
2.300,1.400,1.000000,-1.2252,0.1299,1541.2824,-162.5157
2.300,1.600,1.000000,-1.2123,0.1540,1510.2066,-190.6890
2.300,1.800,1.000000,-1.2161,0.1795,1517.5022,-223.2015
2.300,2.000,1.000000,-1.2302,0.2021,1552.9196,-254.2630
2.100,0.000,1.000000,-1.6447,0.0082,2773.8943,-13.7492
2.100,0.200,1.000000,-1.6371,0.0120,2749.2284,-19.9930
2.100,0.400,1.000000,-1.6420,0.0205,2764.6150,-34.4167
2.100,0.600,1.000000,-1.6284,0.0320,2718.8466,-53.1338
2.100,0.800,1.000000,-1.6039,0.0445,2638.7567,-72.7108
2.100,1.000,1.000000,-1.5785,0.0597,2556.9867,-95.9661
2.100,1.200,1.000000,-1.5443,0.0772,2448.5176,-121.3940
2.100,1.400,1.000000,-1.4669,0.1012,2212.8836,-150.8219
2.100,1.600,1.000000,-1.4290,0.1263,2095.0474,-184.1801
2.100,1.800,1.000000,-1.3324,0.1633,1821.4756,-222.2080
2.100,2.000,1.000000,-1.3375,0.1881,1833.9248,-257.2501
3.900,0.000,1.000000,-0.5743,0.0171,340.4804,-10.0834
3.900,0.200,1.000000,-0.5780,0.0235,344.6044,-13.8973
3.900,0.400,1.000000,-0.5833,0.0426,351.0529,-25.5378
3.900,0.600,1.000000,-0.5920,0.0640,361.3102,-38.9282
3.900,0.800,1.000000,-0.6132,0.0849,387.5686,-53.3475
3.900,1.000,1.000000,-0.6277,0.1061,406.2726,-68.2930
3.900,1.200,1.000000,-0.6671,0.1287,458.3349,-88.0480
3.900,1.400,1.000000,-0.6977,0.1503,500.9528,-107.5464
3.900,1.600,1.000000,-0.7381,0.1725,560.2922,-130.5128
3.900,1.800,1.000000,-0.7841,0.1941,631.6305,-156.0369
3.900,2.000,1.000000,-0.8283,0.2158,704.6389,-183.2919
3.700,0.000,1.000000,-0.6108,0.0153,384.7982,-9.5578
3.700,0.200,1.000000,-0.6199,0.0254,396.2787,-16.0985
3.700,0.400,1.000000,-0.6189,0.0424,395.0130,-26.9585
3.700,0.600,1.000000,-0.6370,0.0651,418.3363,-42.4635
3.700,0.800,1.000000,-0.6513,0.0859,436.7785,-57.3081
3.700,1.000,1.000000,-0.6811,0.1066,477.7193,-74.3127
3.700,1.200,1.000000,-0.7021,0.1298,507.3973,-93.4479
3.700,1.400,1.000000,-0.7238,0.1505,539.1481,-111.6996
3.700,1.600,1.000000,-0.7651,0.1733,601.8332,-135.8474
3.700,1.800,1.000000,-0.8095,0.1964,673.1911,-162.9279
3.700,2.000,1.000000,-0.8615,0.2172,762.1759,-191.7215
3.500,0.000,1.000000,-0.6613,0.0152,450.6107,-10.2499
3.500,0.200,1.000000,-0.6591,0.0245,448.1630,-16.6163
3.500,0.400,1.000000,-0.6671,0.0443,458.2511,-30.2561
3.500,0.600,1.000000,-0.6844,0.0644,482.4195,-45.1484
3.500,0.800,1.000000,-0.6879,0.0856,487.3042,-60.3735
3.500,1.000,1.000000,-0.7125,0.1083,522.6434,-79.0522
3.500,1.200,1.000000,-0.7465,0.1288,573.5879,-98.5023
3.500,1.400,1.000000,-0.7680,0.1531,606.5694,-120.4510
3.500,1.600,1.000000,-0.8108,0.1744,676.0062,-144.8196
3.500,1.800,1.000000,-0.8428,0.1991,729.6382,-171.8286
3.500,2.000,1.000000,-0.8852,0.2183,804.6154,-198.0054
3.300,0.000,1.000000,-0.7163,0.0148,528.8510,-10.8417
3.300,0.200,1.000000,-0.7132,0.0243,524.0506,-17.6383
3.300,0.400,1.000000,-0.7192,0.0431,532.9665,-31.7353
3.300,0.600,1.000000,-0.7310,0.0646,550.1239,-48.3160
3.300,0.800,1.000000,-0.7384,0.0854,561.4571,-64.5947
3.300,1.000,1.000000,-0.7614,0.1075,596.1707,-83.7617
3.300,1.200,1.000000,-0.7902,0.1301,641.9016,-105.2286
3.300,1.400,1.000000,-0.8139,0.1522,680.9789,-126.8673
3.300,1.600,1.000000,-0.8473,0.1770,737.4671,-153.5125
3.300,1.800,1.000000,-0.8855,0.1962,805.0145,-177.9299
3.300,2.000,1.000000,-0.9251,0.2210,878.5641,-209.3717
3.100,0.000,1.000000,-0.7789,0.0141,624.8585,-11.2161
3.100,0.200,1.000000,-0.7735,0.0238,616.2483,-18.8025
3.100,0.400,1.000000,-0.7905,0.0426,643.5956,-34.3810
3.100,0.600,1.000000,-0.7937,0.0649,647.9215,-52.6834
3.100,0.800,1.000000,-0.8098,0.0851,674.4396,-70.6242
3.100,1.000,1.000000,-0.8135,0.1063,680.2693,-88.5187
3.100,1.200,1.000000,-0.8393,0.1301,724.1184,-111.7137
3.100,1.400,1.000000,-0.8599,0.1536,759.6040,-135.1998
3.100,1.600,1.000000,-0.9058,0.1742,842.9676,-161.5253
3.100,1.800,1.000000,-0.9295,0.1991,887.1553,-189.5259
3.100,2.000,1.000000,-0.9759,0.2213,977.3457,-221.2122
